submission,variant,primary,implementation,config,flash,h(0),h(8),h(16),h(24),h(32),h(40),h(48),h(56),h(64),h(72),h(80),h(88),h(96),h(104),h(112),h(120),h(128),h(256),h(384),h(512)
_reference_,sha256,yes,mbedtls,o1,2988,63,64,64,64,64,64,64,114,112,112,112,112,112,112,112,163,160,257,354,450
_reference_,sha256,yes,mbedtls,o2,3324,76,77,77,78,77,77,77,142,140,140,140,140,140,140,140,205,202,329,457,582
_reference_,sha256,yes,mbedtls,o3,3568,69,70,69,70,69,69,69,129,127,127,127,128,127,128,127,187,184,300,416,531
_reference_,sha256,yes,mbedtls,os,2928,65,66,66,66,66,66,66,118,116,117,116,117,116,117,117,169,167,270,371,473
_reference_,sha256,yes,nacl_inplace,o1,7612,69,69,70,70,70,70,70,119,114,114,115,115,115,115,115,164,159,249,340,431
_reference_,sha256,yes,nacl_inplace,o2,8264,64,64,64,64,65,65,65,119,110,111,111,111,111,111,111,166,157,251,345,439
_reference_,sha256,yes,nacl_inplace,o3,8508,58,59,59,59,59,59,59,107,105,106,105,106,106,105,105,154,152,246,340,435
_reference_,sha256,yes,nacl_inplace,os,7504,74,74,74,75,75,75,75,124,117,117,118,118,118,118,119,167,160,247,333,420
_reference_,sha256,yes,nacl_ref,o1,7560,69,70,70,70,70,71,71,120,115,115,115,116,116,116,116,165,160,251,343,434
_reference_,sha256,yes,nacl_ref,o2,8260,64,64,64,64,65,65,65,119,110,111,111,111,111,111,112,166,157,251,345,439
_reference_,sha256,yes,nacl_ref,o3,8504,58,59,58,59,59,58,58,106,105,106,105,106,106,105,105,153,151,245,339,433
_reference_,sha256,yes,nacl_ref,os,7448,84,83,83,82,82,81,81,129,127,127,126,126,125,125,125,172,171,259,346,434
_reference_,sha256,yes,otte_armcryptolib,o1,1368,399,399,400,400,399,399,400,789,788,786,786,788,787,788,787,1176,1174,1950,2725,3499
_reference_,sha256,yes,otte_armcryptolib,o2,1336,382,381,382,382,381,382,383,755,753,752,752,752,753,753,753,1126,1123,1865,2606,3347
_reference_,sha256,yes,otte_armcryptolib,o3,1996,390,390,390,390,390,390,391,775,772,773,773,773,774,773,774,1158,1156,1921,2686,3452
_reference_,sha256,yes,otte_armcryptolib,os,1372,406,405,406,406,406,406,407,801,800,799,799,801,800,800,799,1195,1192,1980,2767,3554
ascon,asconhashav12,no,armv6,o1,7296,53,64,75,85,96,106,117,128,139,149,160,171,181,192,202,213,224,394,565,736
ascon,asconhashav12,no,armv6,o2,6668,50,60,70,80,91,100,111,120,131,141,151,161,171,181,191,201,211,372,534,695
ascon,asconhashav12,no,armv6,o3,6624,49,60,69,79,90,99,109,119,129,139,150,159,169,179,190,199,209,369,530,691
ascon,asconhashav12,no,armv6,os,6600,51,61,71,81,91,101,112,122,132,142,153,163,173,183,194,204,214,378,542,706
ascon,asconhashav12,no,armv6_lowsize,o1,1528,58,71,83,95,107,119,131,143,156,168,180,192,204,216,228,240,252,447,641,836
ascon,asconhashav12,no,armv6_lowsize,o2,980,56,67,79,91,102,114,126,137,149,160,173,184,196,208,219,230,242,429,616,802
ascon,asconhashav12,no,armv6_lowsize,o3,984,55,66,77,89,100,112,123,134,146,157,168,180,191,203,214,225,237,419,601,783
ascon,asconhashav12,no,armv6_lowsize,os,960,55,67,78,90,101,112,124,136,147,159,170,182,193,205,217,228,240,425,610,794
ascon,asconhashav12,no,armv6m,o1,3216,97,118,139,159,180,201,221,242,264,284,305,325,347,368,387,409,430,762,1095,1428
ascon,asconhashav12,no,armv6m,o2,2652,95,116,136,157,178,198,219,240,261,280,301,322,342,363,383,404,426,755,1085,1416
ascon,asconhashav12,no,armv6m,o3,2656,93,114,134,154,175,195,215,236,256,276,297,317,337,358,378,398,419,744,1069,1394
ascon,asconhashav12,no,armv6m,os,2716,94,115,135,155,176,196,217,237,257,278,298,318,339,359,379,400,421,746,1073,1398
ascon,asconhashav12,no,armv6m_lowsize,o1,1872,99,120,142,163,184,206,227,248,269,290,312,333,354,376,397,419,439,781,1120,1460
ascon,asconhashav12,no,armv6m_lowsize,o2,1316,96,117,137,158,179,199,220,240,261,282,303,323,345,365,385,406,426,757,1087,1418
ascon,asconhashav12,no,armv6m_lowsize,o3,1320,97,118,138,159,180,200,221,242,263,284,305,325,346,367,389,409,429,762,1095,1429
ascon,asconhashav12,no,armv6m_lowsize,os,1300,99,121,143,164,186,208,229,251,272,294,316,337,358,380,402,423,444,791,1136,1481
ascon,asconhashav12,no,armv7m,o1,7136,52,63,73,83,94,104,115,125,136,146,156,167,177,187,198,208,219,386,552,719
ascon,asconhashav12,no,armv7m,o2,6508,49,59,69,79,88,98,108,118,128,138,147,157,167,177,187,197,206,364,522,680
ascon,asconhashav12,no,armv7m,o3,6464,48,58,68,77,88,97,107,117,126,136,146,156,165,175,185,195,205,361,517,674
ascon,asconhashav12,no,armv7m,os,6444,50,60,70,80,90,99,109,119,129,139,149,159,169,179,189,199,209,369,530,690
ascon,asconhashav12,no,armv7m_lowsize,o1,1512,56,68,80,91,103,114,126,138,150,161,173,185,196,208,220,231,243,430,616,802
ascon,asconhashav12,no,armv7m_lowsize,o2,964,53,64,76,87,98,110,121,131,143,154,165,176,188,199,210,222,232,411,590,770
ascon,asconhashav12,no,armv7m_lowsize,o3,968,52,63,74,85,96,107,118,129,140,150,161,172,183,194,205,216,227,401,576,751
ascon,asconhashav12,no,armv7m_lowsize,os,948,53,64,75,86,97,108,119,130,141,152,163,174,186,197,208,219,230,407,585,762
ascon,asconhashav12,no,armv7m_small,o1,1528,55,67,78,90,101,114,125,137,148,160,171,183,195,207,218,230,241,428,615,801
ascon,asconhashav12,no,armv7m_small,o2,980,53,64,75,87,98,109,120,131,142,153,165,176,187,198,209,221,232,411,590,769
ascon,asconhashav12,no,armv7m_small,o3,984,52,63,74,85,96,107,118,129,140,151,162,173,184,194,205,216,227,403,578,755
ascon,asconhashav12,no,armv7m_small,os,976,52,63,74,85,96,107,118,129,140,151,162,173,184,195,206,217,228,405,582,759
ascon,asconhashav12,no,bi32,o1,6148,54,67,79,91,103,116,127,140,152,164,176,188,200,213,224,237,249,444,640,834
ascon,asconhashav12,no,bi32,o2,6020,57,69,82,94,106,118,130,143,155,167,179,191,204,216,228,240,253,450,649,845
ascon,asconhashav12,no,bi32,o3,6020,57,70,83,95,108,120,133,146,158,171,183,196,208,221,233,246,259,460,662,863
ascon,asconhashav12,no,bi32,os,5748,53,65,76,88,99,111,123,134,146,158,169,181,192,204,216,227,239,425,612,798
ascon,asconhashav12,no,bi32_arm,o1,6368,46,55,64,73,83,92,101,111,119,129,138,147,156,166,175,184,193,342,489,638
ascon,asconhashav12,no,bi32_arm,o2,5968,42,51,60,69,77,86,95,104,113,121,130,139,147,156,165,173,182,322,462,602
ascon,asconhashav12,no,bi32_arm,o3,5968,43,52,60,68,77,86,94,103,112,120,129,137,146,155,163,172,181,318,456,595
ascon,asconhashav12,no,bi32_arm,os,5700,42,51,60,68,77,86,95,103,112,121,129,138,147,155,164,173,181,320,459,601
ascon,asconhashav12,no,bi32_armv6,o1,6208,42,52,60,69,79,88,96,105,114,123,132,141,150,159,168,177,185,329,472,615
ascon,asconhashav12,no,bi32_armv6,o2,5652,41,49,58,66,75,83,91,100,109,117,125,133,142,150,159,167,176,311,445,580
ascon,asconhashav12,no,bi32_armv6,o3,5648,40,49,57,65,74,82,90,99,107,115,123,132,140,148,157,165,173,306,439,572
ascon,asconhashav12,no,bi32_armv6,os,5644,41,50,58,67,76,85,93,102,111,119,128,137,145,154,163,171,180,319,459,597
ascon,asconhashav12,no,bi32_armv6m,o1,3576,93,113,132,151,170,190,209,228,247,267,285,305,324,343,363,382,401,709,1018,1326
ascon,asconhashav12,no,bi32_armv6m,o2,3092,91,110,129,148,167,186,205,224,243,262,281,300,318,338,357,375,394,698,1002,1305
ascon,asconhashav12,no,bi32_armv6m,o3,3104,87,107,126,145,164,184,202,222,241,261,279,298,317,337,356,374,393,699,1006,1310
ascon,asconhashav12,no,bi32_armv6m,os,3076,89,109,128,148,167,187,206,225,245,265,283,303,322,341,362,380,400,710,1021,1332
ascon,asconhashav12,no,bi32_armv7m,o1,7792,40,49,57,66,74,83,91,99,108,116,124,133,141,150,158,166,175,309,443,576
ascon,asconhashav12,no,bi32_armv7m,o2,7252,39,47,55,63,71,79,87,95,102,110,118,126,134,142,149,157,165,291,418,543
ascon,asconhashav12,no,bi32_armv7m,o3,7256,38,46,54,62,70,78,85,93,101,109,117,125,132,140,148,156,164,290,416,542
ascon,asconhashav12,no,bi32_armv7m,os,7276,40,48,57,65,74,82,90,99,107,116,124,133,141,150,158,167,175,311,446,581
ascon,asconhashav12,no,bi32_armv7m_small,o1,1532,49,60,71,81,91,102,113,123,133,144,154,164,175,186,196,207,217,385,553,721
ascon,asconhashav12,no,bi32_armv7m_small,o2,1240,48,58,68,78,89,99,109,119,129,139,149,159,169,179,189,199,210,371,533,694
ascon,asconhashav12,no,bi32_armv7m_small,o3,1244,46,57,66,76,86,96,106,116,126,136,146,156,166,176,185,195,206,364,524,682
ascon,asconhashav12,no,bi32_armv7m_small,os,1220,49,59,69,79,89,100,109,120,130,140,150,161,171,181,191,201,212,374,538,701
ascon,asconhashav12,no,bi32_lowreg,o1,2740,69,83,96,109,123,137,150,163,177,190,203,217,231,244,257,271,285,501,716,933
ascon,asconhashav12,no,bi32_lowreg,o2,2412,63,76,89,101,114,126,138,151,164,176,189,201,214,226,238,251,264,464,663,863
ascon,asconhashav12,no,bi32_lowreg,o3,2212,65,79,92,105,118,131,144,158,170,183,197,210,223,236,249,262,276,485,694,903
ascon,asconhashav12,no,bi32_lowreg,os,2140,77,95,113,132,150,169,187,206,225,243,261,279,298,317,336,353,372,668,964,1259
ascon,asconhashav12,no,bi32_lowsize,o1,1900,93,110,127,144,161,177,194,211,227,244,261,278,293,312,328,344,361,630,897,1163
ascon,asconhashav12,no,bi32_lowsize,o2,1380,91,107,122,137,152,168,183,198,213,229,244,259,275,291,305,320,336,581,825,1071
ascon,asconhashav12,no,bi32_lowsize,o3,1384,65,78,92,106,119,133,147,161,175,188,202,216,229,243,257,270,284,505,725,945
ascon,asconhashav12,no,bi32_lowsize,os,1332,118,138,159,180,201,222,242,263,283,305,326,346,366,388,409,430,450,782,1114,1446
ascon,asconhashav12,no,bi8,o1,2976,387,473,559,645,731,816,902,988,1074,1160,1245,1331,1416,1503,1589,1674,1760,3133,4506,5879
ascon,asconhashav12,no,bi8,o2,2956,524,640,756,873,989,1105,1221,1337,1454,1570,1686,1803,1919,2035,2151,2267,2384,4243,6102,7962
ascon,asconhashav12,no,bi8,o3,2752,433,530,626,722,818,914,1010,1107,1202,1299,1395,1491,1586,1684,1779,1875,1971,3509,5046,6584
ascon,asconhashav12,no,bi8,os,2540,388,475,561,647,734,819,906,992,1078,1164,1250,1336,1422,1508,1595,1681,1766,3145,4523,5901
ascon,asconhashav12,no,esp32,o1,1304,165,195,224,254,284,315,345,374,403,434,464,494,523,553,583,613,642,1120,1599,2077
ascon,asconhashav12,no,esp32,o2,1340,208,245,284,321,359,397,435,474,511,549,587,625,663,700,738,776,814,1421,2026,2632
ascon,asconhashav12,no,esp32,o3,1340,213,252,289,329,367,406,445,483,522,560,599,639,677,715,753,793,831,1449,2067,2685
ascon,asconhashav12,no,esp32,os,1140,168,198,228,259,290,321,352,381,412,443,474,504,535,566,596,629,659,1148,1639,2129
ascon,asconhashav12,no,opt32,o1,16240,144,179,212,245,279,313,346,378,411,445,479,512,545,578,612,646,679,1210,1743,2276
ascon,asconhashav12,no,opt32,o2,21996,222,273,322,371,421,469,518,568,618,667,716,766,815,865,914,964,1013,1802,2592,3382
ascon,asconhashav12,no,opt32,o3,22000,221,272,321,370,420,469,517,567,616,666,715,764,813,863,912,961,1011,1798,2587,3375
ascon,asconhashav12,no,opt32,os,15184,138,168,198,228,258,289,318,348,379,408,438,468,498,528,557,588,618,1097,1575,2054
ascon,asconhashav12,no,opt32_lowsize,o1,1784,153,187,221,254,287,320,354,388,420,454,488,520,553,588,621,654,688,1222,1756,2289
ascon,asconhashav12,no,opt32_lowsize,o2,1444,229,279,330,380,431,481,531,582,632,683,733,783,834,884,934,984,1034,1840,2644,3448
ascon,asconhashav12,no,opt32_lowsize,o3,1448,229,279,329,380,430,480,530,580,630,681,731,781,832,882,932,982,1032,1835,2637,3440
ascon,asconhashav12,no,opt32_lowsize,os,1232,152,185,218,251,284,317,350,383,416,450,482,516,549,582,615,648,681,1211,1741,2270
ascon,asconhashav12,no,opt64,o1,15744,140,171,203,234,267,298,329,360,392,424,456,486,518,549,580,612,643,1147,1651,2154
ascon,asconhashav12,no,opt64,o2,18608,179,220,260,299,339,379,419,458,499,538,577,618,657,697,737,777,816,1452,2089,2725
ascon,asconhashav12,no,opt64,o3,18608,179,220,260,300,339,379,419,458,499,539,578,618,658,697,737,777,816,1453,2089,2725
ascon,asconhashav12,no,opt64,os,14836,136,170,204,237,271,305,338,371,404,439,472,506,539,573,606,641,674,1211,1747,2284
ascon,asconhashav12,no,opt64_lowsize,o1,1808,151,184,217,250,283,315,349,382,413,447,479,512,544,578,611,644,676,1201,1726,2249
ascon,asconhashav12,no,opt64_lowsize,o2,1488,177,215,254,293,331,370,409,448,487,525,564,603,642,680,719,757,796,1415,2034,2653
ascon,asconhashav12,no,opt64_lowsize,o3,1480,188,230,271,312,353,394,436,477,517,559,601,642,683,724,765,806,848,1508,2167,2827
ascon,asconhashav12,no,opt64_lowsize,os,1296,167,204,240,277,313,350,387,423,459,496,533,570,606,642,678,715,752,1337,1921,2506
ascon,asconhashav12,no,opt8,o1,2708,392,479,566,652,740,826,913,1000,1086,1173,1259,1346,1433,1519,1606,1693,1779,3166,4554,5942
ascon,asconhashav12,no,opt8,o2,2652,500,611,722,833,944,1055,1165,1276,1386,1498,1609,1719,1830,1941,2052,2163,2273,4047,5820,7594
ascon,asconhashav12,no,opt8,o3,2516,427,523,619,713,808,903,998,1093,1188,1282,1378,1473,1567,1662,1757,1852,1947,3466,4985,6504
ascon,asconhashav12,no,opt8,os,2252,371,453,536,617,700,782,864,946,1028,1110,1192,1274,1356,1439,1521,1603,1685,2999,4313,5627
ascon,asconhashav12,no,opt8_lowsize,o1,1888,464,565,669,770,873,975,1077,1179,1281,1383,1486,1587,1690,1792,1894,1996,2098,3732,5366,7000
ascon,asconhashav12,no,opt8_lowsize,o2,2684,735,898,1061,1223,1387,1549,1712,1874,2037,2200,2362,2526,2688,2850,3014,3176,3339,5943,8547,11151
ascon,asconhashav12,no,opt8_lowsize,o3,3088,596,728,859,989,1121,1252,1383,1514,1645,1776,1908,2039,2170,2301,2432,2564,2694,4793,6891,8990
ascon,asconhashav12,no,opt8_lowsize,os,1944,557,679,801,924,1047,1169,1291,1414,1536,1659,1782,1904,2026,2149,2271,2393,2517,4475,6436,8395
ascon,asconhashav12,no,ref,o1,15628,146,181,217,253,288,324,359,394,431,466,502,537,573,608,644,680,715,1283,1853,2421
ascon,asconhashav12,no,ref,o2,18540,177,220,262,303,344,386,427,468,509,551,592,634,674,715,757,799,840,1499,2159,2819
ascon,asconhashav12,no,ref,o3,18788,173,215,254,294,333,373,413,452,492,531,571,610,650,689,729,769,807,1441,2074,2707
ascon,asconhashav12,no,ref,os,1148,186,220,254,287,320,355,388,422,455,489,522,556,589,623,657,691,724,1261,1798,2336
ascon,asconhashv12,yes,armv6,o1,4896,66,81,96,111,126,141,156,171,186,201,216,231,246,261,276,292,307,545,787,1027
ascon,asconhashv12,yes,armv6,o2,4276,63,78,92,107,121,136,150,165,179,193,208,222,237,251,265,280,295,525,758,989
ascon,asconhashv12,yes,armv6,o3,4240,62,77,91,105,119,134,148,163,177,191,206,220,234,249,263,278,293,521,752,981
ascon,asconhashv12,yes,armv6,os,4216,64,78,93,107,122,136,151,166,180,195,209,224,238,253,267,283,297,530,764,998
ascon,asconhashv12,yes,armv6_lowsize,o1,1528,74,91,109,126,143,160,178,195,212,230,247,264,281,299,315,333,351,627,904,1181
ascon,asconhashv12,yes,armv6_lowsize,o2,972,71,87,104,120,137,153,170,187,203,220,237,253,270,287,303,319,336,602,868,1134
ascon,asconhashv12,yes,armv6_lowsize,o3,984,70,86,103,119,136,152,168,185,202,218,234,250,268,284,300,316,333,596,860,1122
ascon,asconhashv12,yes,armv6_lowsize,os,960,70,87,103,120,136,153,169,186,202,219,235,252,269,285,301,318,334,600,864,1129
ascon,asconhashv12,yes,armv6m,o1,3216,125,156,186,217,247,278,308,338,369,400,430,460,491,522,551,582,613,1100,1586,2073
ascon,asconhashv12,yes,armv6m,o2,2660,121,151,182,212,243,274,304,334,365,396,426,457,488,518,547,579,609,1098,1585,2074
ascon,asconhashv12,yes,armv6m,o3,2664,120,151,180,210,240,270,301,331,361,391,421,451,481,511,540,570,600,1080,1559,2039
ascon,asconhashv12,yes,armv6m,os,2696,126,156,186,216,246,277,307,336,367,397,428,458,488,518,547,578,608,1090,1573,2054
ascon,asconhashv12,yes,armv6m_lowsize,o1,1872,128,158,189,220,251,281,313,344,373,404,436,466,497,528,559,589,620,1112,1604,2096
ascon,asconhashv12,yes,armv6m_lowsize,o2,1308,126,157,187,218,249,280,311,341,371,402,433,464,494,525,556,587,616,1107,1597,2088
ascon,asconhashv12,yes,armv6m_lowsize,o3,1320,125,156,186,217,247,278,308,339,368,399,430,460,490,521,551,582,612,1098,1584,2070
ascon,asconhashv12,yes,armv6m_lowsize,os,1296,129,161,192,223,255,286,319,349,380,412,444,475,507,538,570,601,633,1135,1638,2141
ascon,asconhashv12,yes,armv7m,o1,4800,65,80,94,108,124,138,153,167,182,196,211,226,240,255,269,285,300,533,768,1003
ascon,asconhashv12,yes,armv7m,o2,4180,62,76,90,104,118,132,146,161,174,189,203,217,231,245,259,274,288,513,739,965
ascon,asconhashv12,yes,armv7m,o3,4144,61,75,89,103,117,131,145,159,173,186,200,215,228,242,256,271,285,509,733,956
ascon,asconhashv12,yes,armv7m,os,4120,62,76,91,105,119,133,147,162,176,190,204,218,233,247,261,276,290,518,746,973
ascon,asconhashv12,yes,armv7m_lowsize,o1,1512,71,88,105,121,137,154,170,187,204,220,237,253,270,287,303,319,336,601,867,1132
ascon,asconhashv12,yes,armv7m_lowsize,o2,956,68,83,100,115,131,147,163,179,195,211,226,242,259,275,290,306,322,577,831,1086
ascon,asconhashv12,yes,armv7m_lowsize,o3,968,67,83,99,114,130,145,161,177,192,208,224,240,255,272,287,303,318,570,821,1073
ascon,asconhashv12,yes,armv7m_lowsize,os,944,67,83,99,115,130,146,162,178,194,209,225,241,257,274,288,304,320,574,827,1080
ascon,asconhashv12,yes,armv7m_small,o1,1528,70,86,103,119,136,153,169,186,202,219,236,252,269,286,302,318,334,600,866,1131
ascon,asconhashv12,yes,armv7m_small,o2,980,68,84,100,116,132,148,164,180,197,213,229,245,262,277,293,309,326,584,842,1099
ascon,asconhashv12,yes,armv7m_small,o3,984,66,82,98,113,129,145,160,176,192,208,223,239,255,270,286,302,318,569,821,1073
ascon,asconhashv12,yes,armv7m_small,os,976,69,85,102,118,135,151,167,184,200,216,233,249,266,283,299,315,331,595,858,1120
ascon,asconhashv12,yes,bi32,o1,4252,67,83,99,115,132,147,163,180,196,212,228,244,260,276,292,308,326,583,841,1099
ascon,asconhashv12,yes,bi32,o2,4044,72,89,106,124,141,158,176,193,210,227,245,263,279,297,314,331,349,625,903,1179
ascon,asconhashv12,yes,bi32,o3,4044,72,89,106,123,141,158,175,192,209,227,244,262,278,295,312,329,348,624,900,1176
ascon,asconhashv12,yes,bi32,os,3872,65,81,96,112,128,143,159,175,191,206,222,238,253,269,285,301,317,567,821,1073
ascon,asconhashv12,yes,bi32_arm,o1,4508,56,69,81,94,107,119,132,145,158,171,183,196,209,222,234,247,260,464,668,872
ascon,asconhashv12,yes,bi32_arm,o2,4116,52,65,77,89,101,113,125,137,149,161,173,185,197,210,222,233,246,439,633,826
ascon,asconhashv12,yes,bi32_arm,o3,4116,52,64,76,88,100,112,124,136,147,159,171,183,195,207,219,231,243,434,625,815
ascon,asconhashv12,yes,bi32_arm,os,3848,51,64,75,87,100,112,124,135,147,160,172,183,196,208,220,232,244,436,629,822
ascon,asconhashv12,yes,bi32_armv6,o1,4416,52,64,76,88,101,113,125,137,150,161,173,186,198,210,222,234,247,442,636,831
ascon,asconhashv12,yes,bi32_armv6,o2,3868,50,62,74,85,97,109,120,132,143,155,167,178,190,201,213,225,236,423,609,795
ascon,asconhashv12,yes,bi32_armv6,o3,3872,50,61,73,85,96,107,119,130,142,153,165,177,188,199,211,223,234,418,603,787
ascon,asconhashv12,yes,bi32_armv6,os,3864,50,62,74,86,98,110,122,134,146,158,170,182,193,206,217,229,241,432,623,814
ascon,asconhashv12,yes,bi32_armv6m,o1,3576,119,147,175,202,230,258,285,313,340,368,396,424,451,479,506,533,561,1004,1445,1888
ascon,asconhashv12,yes,bi32_armv6m,o2,3076,116,144,172,199,227,254,282,309,337,364,392,419,447,475,502,528,557,996,1435,1875
ascon,asconhashv12,yes,bi32_armv6m,o3,3096,112,140,167,196,223,250,278,305,333,361,388,415,443,471,498,525,553,994,1435,1875
ascon,asconhashv12,yes,bi32_armv6m,os,3076,118,146,173,201,229,256,284,311,340,367,395,423,450,478,506,533,561,1004,1447,1890
ascon,asconhashv12,yes,bi32_armv7m,o1,9440,49,61,72,84,96,107,118,129,141,152,164,175,186,198,209,221,232,415,598,781
ascon,asconhashv12,yes,bi32_armv7m,o2,8884,48,59,70,81,92,103,114,125,136,147,158,169,180,191,202,213,224,401,576,752
ascon,asconhashv12,yes,bi32_armv7m,o3,8896,47,59,70,81,92,103,113,124,135,146,157,168,179,190,200,212,222,397,572,746
ascon,asconhashv12,yes,bi32_armv7m,os,8948,49,61,72,83,95,106,118,129,141,152,164,176,187,199,210,222,233,418,602,787
ascon,asconhashv12,yes,bi32_armv7m_small,o1,1532,60,75,90,103,118,132,147,161,175,190,203,218,233,247,261,275,289,518,749,977
ascon,asconhashv12,yes,bi32_armv7m_small,o2,1240,60,74,88,102,116,130,144,158,172,186,200,214,228,242,256,270,284,508,733,957
ascon,asconhashv12,yes,bi32_armv7m_small,o3,1244,58,72,85,99,113,127,140,154,168,181,195,209,223,237,250,264,278,498,717,938
ascon,asconhashv12,yes,bi32_armv7m_small,os,1220,61,75,89,103,117,132,146,160,174,188,203,217,231,245,259,274,287,515,744,970
ascon,asconhashv12,yes,bi32_lowreg,o1,2740,85,104,122,141,159,178,196,215,233,252,270,288,307,327,344,363,381,679,976,1272
ascon,asconhashv12,yes,bi32_lowreg,o2,2516,89,108,126,144,163,181,199,217,235,253,271,289,307,326,344,361,379,671,959,1249
ascon,asconhashv12,yes,bi32_lowreg,o3,2236,76,96,113,132,149,167,186,204,222,240,258,276,295,313,330,348,367,655,945,1233
ascon,asconhashv12,yes,bi32_lowreg,os,2156,97,124,150,176,202,229,255,282,308,334,361,386,413,439,466,492,518,939,1361,1781
ascon,asconhashv12,yes,bi32_lowsize,o1,1904,112,134,155,177,199,221,242,264,285,308,330,351,372,395,417,439,460,808,1155,1503
ascon,asconhashv12,yes,bi32_lowsize,o2,1412,111,132,152,173,194,214,235,255,276,297,318,338,359,380,400,421,442,772,1103,1433
ascon,asconhashv12,yes,bi32_lowsize,o3,1412,108,129,148,169,189,209,229,249,270,290,310,329,351,370,391,411,431,754,1075,1398
ascon,asconhashv12,yes,bi32_lowsize,os,1340,149,178,207,236,265,294,323,352,380,410,439,468,497,526,555,583,613,1077,1540,2004
ascon,asconhashv12,yes,bi8,o1,2976,512,639,766,894,1021,1147,1275,1401,1529,1656,1783,1911,2038,2165,2292,2420,2547,4582,6617,8653
ascon,asconhashv12,yes,bi8,o2,2956,694,867,1039,1211,1384,1557,1729,1902,2075,2247,2420,2593,2765,2939,3111,3283,3456,6219,8982,11744
ascon,asconhashv12,yes,bi8,o3,2752,572,715,858,1000,1142,1285,1428,1569,1713,1855,1998,2140,2282,2425,2568,2710,2853,5132,7412,9692
ascon,asconhashv12,yes,bi8,os,2540,514,642,769,898,1025,1153,1280,1408,1536,1664,1791,1920,2047,2175,2303,2431,2559,4603,6648,8693
ascon,asconhashv12,yes,esp32,o1,1316,224,269,314,357,401,447,491,534,580,624,670,714,758,802,847,892,936,1649,2361,3075
ascon,asconhashv12,yes,esp32,o2,1344,285,342,399,456,513,570,626,683,740,797,854,911,968,1025,1081,1138,1195,2106,3016,3927
ascon,asconhashv12,yes,esp32,o3,1344,287,345,403,460,517,575,632,689,747,804,861,919,976,1033,1091,1148,1205,2123,3040,3958
ascon,asconhashv12,yes,esp32,os,1156,224,269,315,358,403,449,493,537,583,627,672,718,762,806,852,897,941,1658,2374,3091
ascon,asconhashv12,yes,opt32,o1,20760,195,245,293,342,391,440,489,536,586,634,684,733,780,831,879,928,976,1756,2537,3317
ascon,asconhashv12,yes,opt32,o2,28436,299,373,446,517,590,663,735,808,880,952,1025,1097,1169,1241,1313,1386,1459,2616,3774,4931
ascon,asconhashv12,yes,opt32,o3,28456,297,371,443,515,588,660,732,805,878,950,1023,1095,1167,1240,1312,1385,1457,2617,3776,4935
ascon,asconhashv12,yes,opt32,os,19440,183,229,274,319,365,410,455,500,545,590,635,681,725,770,816,861,906,1628,2349,3071
ascon,asconhashv12,yes,opt32_lowsize,o1,1784,200,249,299,347,395,445,494,543,592,641,689,738,787,836,885,934,983,1765,2547,3329
ascon,asconhashv12,yes,opt32_lowsize,o2,1436,305,380,457,532,607,683,758,833,909,984,1060,1134,1210,1285,1360,1436,1512,2718,3924,5130
ascon,asconhashv12,yes,opt32_lowsize,o3,1448,301,376,451,525,600,675,748,823,898,972,1047,1121,1195,1270,1344,1419,1493,2684,3876,5067
ascon,asconhashv12,yes,opt32_lowsize,os,1232,198,247,296,345,393,442,491,539,588,637,685,733,783,832,880,929,978,1756,2535,3314
ascon,asconhashv12,yes,opt64,o1,20112,183,230,276,322,369,416,462,508,554,600,647,694,740,786,833,879,925,1666,2408,3149
ascon,asconhashv12,yes,opt64,o2,24136,237,297,355,412,472,530,587,647,704,762,820,879,937,995,1053,1112,1170,2101,3032,3964
ascon,asconhashv12,yes,opt64,o3,24136,237,297,355,412,471,530,588,646,704,762,820,879,937,995,1053,1111,1169,2101,3032,3963
ascon,asconhashv12,yes,opt64,os,19040,184,231,278,326,373,421,468,516,563,610,658,706,752,799,847,895,942,1700,2457,3216
ascon,asconhashv12,yes,opt64_lowsize,o1,1808,196,245,294,342,389,437,485,534,580,629,676,725,773,821,869,917,965,1733,2500,3267
ascon,asconhashv12,yes,opt64_lowsize,o2,1496,247,308,369,430,491,552,613,673,734,795,857,917,977,1037,1099,1160,1220,2194,3168,4141
ascon,asconhashv12,yes,opt64_lowsize,o3,1480,293,352,411,469,526,585,643,701,759,818,876,935,992,1051,1109,1167,1225,2156,3088,4019
ascon,asconhashv12,yes,opt64_lowsize,os,1296,220,274,328,383,437,491,546,600,654,708,762,816,871,925,979,1033,1088,1954,2821,3689
ascon,asconhashv12,yes,opt8,o1,2708,519,649,778,908,1036,1165,1295,1424,1554,1684,1812,1942,2070,2199,2328,2458,2587,4654,6721,8790
ascon,asconhashv12,yes,opt8,o2,2652,664,829,995,1160,1325,1491,1657,1822,1987,2153,2318,2483,2649,2814,2980,3146,3310,5958,8605,11251
ascon,asconhashv12,yes,opt8,o3,2516,568,710,852,993,1134,1276,1418,1558,1701,1843,1984,2125,2267,2408,2550,2691,2833,5098,7363,9628
ascon,asconhashv12,yes,opt8,os,2252,492,616,738,861,983,1105,1227,1350,1473,1595,1718,1841,1963,2086,2208,2330,2453,4414,6375,8335
ascon,asconhashv12,yes,opt8_lowsize,o1,1888,614,766,919,1071,1222,1375,1527,1679,1831,1984,2136,2288,2440,2592,2744,2897,3049,5482,7918,10352
ascon,asconhashv12,yes,opt8_lowsize,o2,2684,976,1219,1462,1705,1948,2190,2433,2676,2919,3162,3405,3648,3892,4134,4377,4620,4863,8749,12637,16522
ascon,asconhashv12,yes,opt8_lowsize,o3,3096,785,980,1175,1371,1566,1760,1956,2151,2347,2542,2736,2932,3127,3322,3517,3713,3908,7030,10152,13275
ascon,asconhashv12,yes,opt8_lowsize,os,1944,737,920,1103,1285,1468,1651,1834,2017,2199,2381,2565,2748,2930,3113,3295,3478,3661,6585,9508,12431
ascon,asconhashv12,yes,ref,o1,19980,189,239,288,337,387,437,486,536,585,635,685,735,784,834,883,933,982,1775,2568,3361
ascon,asconhashv12,yes,ref,o2,24324,239,300,359,417,477,536,595,654,713,772,831,891,949,1008,1068,1126,1186,2131,3076,4022
ascon,asconhashv12,yes,ref,o3,24564,229,291,350,409,469,529,588,648,707,766,826,885,945,1004,1063,1123,1182,2133,3084,4035
ascon,asconhashv12,yes,ref,os,1076,230,278,325,373,422,470,517,565,613,660,709,757,804,852,900,947,996,1760,2526,3291
ascon,asconhashv12,yes,rhys,o1,8644,60,71,83,94,106,117,129,140,152,164,175,187,198,210,221,233,245,430,616,801
ascon,asconhashv12,yes,rhys,o2,8580,59,71,81,93,103,115,126,137,148,159,170,181,193,204,215,226,237,415,593,771
ascon,asconhashv12,yes,rhys,o3,8644,59,70,82,93,104,115,126,137,149,160,171,182,193,204,216,227,238,417,596,775
ascon,asconhashv12,yes,rhys,os,8568,61,72,83,95,106,117,128,140,151,162,174,185,196,208,219,230,242,423,604,785
ascon,asconxofav12,no,armv6,o1,7296,53,64,75,85,96,107,117,128,138,149,160,171,181,192,202,213,224,394,565,736
ascon,asconxofav12,no,armv6,o2,6668,50,60,70,80,91,101,111,121,131,141,151,161,171,181,191,201,211,372,534,695
ascon,asconxofav12,no,armv6,o3,6624,49,59,69,79,89,99,109,119,129,139,150,159,170,179,190,199,209,369,530,690
ascon,asconxofav12,no,armv6,os,6600,51,61,71,81,91,102,112,122,132,143,153,163,173,183,194,204,214,377,542,706
ascon,asconxofav12,no,armv6_lowsize,o1,1528,58,71,83,95,107,119,131,143,156,168,180,192,204,216,228,240,253,447,641,836
ascon,asconxofav12,no,armv6_lowsize,o2,980,56,68,79,91,102,114,126,137,149,160,173,184,196,208,219,230,242,429,615,802
ascon,asconxofav12,no,armv6_lowsize,o3,984,55,66,77,89,100,111,123,134,146,157,168,180,191,203,214,225,237,419,601,783
ascon,asconxofav12,no,armv6_lowsize,os,960,55,67,78,90,101,112,124,136,147,159,170,182,193,205,216,228,240,425,610,794
ascon,asconxofav12,no,armv6m,o1,3216,97,118,138,159,180,201,222,242,264,284,305,325,347,368,387,408,430,762,1095,1428
ascon,asconxofav12,no,armv6m,o2,2652,95,116,136,157,177,198,219,239,261,281,301,322,343,363,383,404,425,755,1086,1415
ascon,asconxofav12,no,armv6m,o3,2656,93,114,134,154,175,195,215,236,256,276,297,317,338,358,378,398,419,744,1069,1394
ascon,asconxofav12,no,armv6m,os,2712,94,115,135,155,176,196,217,237,257,278,298,318,339,360,379,399,420,746,1073,1398
ascon,asconxofav12,no,armv6m_lowsize,o1,1872,99,121,142,163,184,205,227,248,269,291,312,333,354,376,397,418,439,780,1120,1460
ascon,asconxofav12,no,armv6m_lowsize,o2,1316,96,117,137,158,178,199,220,240,261,282,303,323,343,365,385,406,427,757,1087,1418
ascon,asconxofav12,no,armv6m_lowsize,o3,1320,96,117,138,159,180,201,221,242,263,284,305,326,346,367,388,409,430,762,1095,1428
ascon,asconxofav12,no,armv6m_lowsize,os,1296,100,121,143,164,186,207,229,250,272,294,316,337,358,380,402,424,444,790,1135,1481
ascon,asconxofav12,no,armv7m,o1,7136,52,63,73,83,94,104,115,125,136,146,156,167,177,187,198,208,219,385,553,720
ascon,asconxofav12,no,armv7m,o2,6508,49,59,69,79,88,98,108,118,128,137,147,157,167,177,187,196,207,364,522,679
ascon,asconxofav12,no,armv7m,o3,6464,48,58,68,78,88,97,107,117,126,136,146,156,165,175,185,195,205,360,517,674
ascon,asconxofav12,no,armv7m,os,6440,50,60,70,79,89,99,109,119,129,139,149,159,169,179,189,199,209,369,530,690
ascon,asconxofav12,no,armv7m_lowsize,o1,1512,56,68,80,91,103,114,126,138,150,161,173,184,196,208,219,231,243,429,616,802
ascon,asconxofav12,no,armv7m_lowsize,o2,964,53,65,76,87,98,109,121,132,143,154,165,177,188,199,210,221,232,411,591,770
ascon,asconxofav12,no,armv7m_lowsize,o3,968,52,63,74,85,96,107,118,129,140,150,161,172,183,194,205,216,227,401,576,751
ascon,asconxofav12,no,armv7m_lowsize,os,944,53,64,75,86,97,108,119,130,141,152,163,174,186,197,208,219,230,407,585,762
ascon,asconxofav12,no,armv7m_small,o1,1528,55,67,78,90,102,113,125,136,148,160,172,183,195,206,218,230,242,428,614,801
ascon,asconxofav12,no,armv7m_small,o2,980,53,64,75,87,98,109,120,131,143,154,165,176,187,198,209,221,232,412,590,770
ascon,asconxofav12,no,armv7m_small,o3,984,52,63,74,85,96,107,118,129,140,151,162,173,183,194,206,217,228,403,578,754
ascon,asconxofav12,no,armv7m_small,os,976,52,63,74,85,96,107,118,129,140,151,162,173,184,195,206,217,228,405,582,759
ascon,asconxofav12,no,bi32,o1,6168,55,68,80,93,105,117,129,142,155,167,179,191,204,216,228,241,253,450,650,847
ascon,asconxofav12,no,bi32,o2,6028,57,69,81,93,105,117,130,142,154,166,178,190,203,215,227,239,251,445,642,838
ascon,asconxofav12,no,bi32,o3,6028,57,69,81,94,106,118,130,142,154,166,179,191,203,215,228,240,252,446,645,841
ascon,asconxofav12,no,bi32,os,5760,53,64,76,88,99,110,122,134,145,157,168,179,191,203,214,226,237,422,607,792
ascon,asconxofav12,no,bi32_arm,o1,6384,45,55,64,73,82,92,101,110,119,129,138,147,156,166,175,184,193,341,490,637
ascon,asconxofav12,no,bi32_arm,o2,5968,42,51,60,69,77,86,95,104,112,121,130,139,147,156,164,173,182,322,463,602
ascon,asconxofav12,no,bi32_arm,o3,5968,43,51,60,68,77,86,94,103,112,120,129,137,146,155,163,172,181,318,457,595
ascon,asconxofav12,no,bi32_arm,os,5720,42,51,60,69,77,86,95,104,112,121,130,139,147,156,165,174,182,322,463,603
ascon,asconxofav12,no,bi32_armv6,o1,6208,42,52,61,70,78,87,96,105,115,123,132,141,150,159,168,177,186,330,473,616
ascon,asconxofav12,no,bi32_armv6,o2,5652,41,50,58,66,75,83,91,100,108,116,125,133,142,150,158,167,176,310,445,580
ascon,asconxofav12,no,bi32_armv6,o3,5648,40,49,57,65,74,82,90,99,107,115,123,132,140,148,156,165,173,306,438,572
ascon,asconxofav12,no,bi32_armv6,os,5640,41,50,58,67,76,85,93,102,111,119,128,136,145,154,163,171,180,319,459,597
ascon,asconxofav12,no,bi32_armv6m,o1,3576,93,113,132,151,170,189,209,228,247,267,286,305,324,344,363,382,401,710,1018,1326
ascon,asconxofav12,no,bi32_armv6m,o2,3092,91,110,129,148,167,186,205,224,243,262,281,300,319,339,357,375,394,698,1002,1305
ascon,asconxofav12,no,bi32_armv6m,o3,3104,87,107,126,145,164,183,202,222,241,260,279,298,317,337,356,374,393,699,1005,1311
ascon,asconxofav12,no,bi32_armv6m,os,3076,89,109,128,148,167,187,206,225,245,265,283,303,322,342,362,380,400,710,1021,1331
ascon,asconxofav12,no,bi32_armv7m,o1,7792,40,49,57,65,74,83,91,99,108,116,124,132,141,149,158,166,174,309,443,577
ascon,asconxofav12,no,bi32_armv7m,o2,7252,39,47,55,63,71,79,86,94,102,110,118,126,134,142,149,157,165,291,418,544
ascon,asconxofav12,no,bi32_armv7m,o3,7256,38,46,54,62,70,78,85,93,101,109,117,125,133,140,148,156,164,290,416,542
ascon,asconxofav12,no,bi32_armv7m,os,7276,40,49,57,65,74,82,90,99,108,116,125,133,141,150,158,167,175,311,446,582
ascon,asconxofav12,no,bi32_armv7m_small,o1,1532,49,60,71,81,92,102,112,123,133,143,154,165,175,186,196,207,217,385,554,721
ascon,asconxofav12,no,bi32_armv7m_small,o2,1240,48,58,68,78,89,99,109,119,129,139,149,159,169,179,189,199,210,371,533,694
ascon,asconxofav12,no,bi32_armv7m_small,o3,1244,46,56,66,76,86,96,106,116,126,136,146,156,166,176,185,195,206,364,524,682
ascon,asconxofav12,no,bi32_armv7m_small,os,1220,49,59,69,79,89,99,110,120,130,140,150,161,171,181,191,201,212,374,538,702
ascon,asconxofav12,no,bi32_lowreg,o1,2756,69,83,96,109,123,136,150,163,176,190,203,217,230,244,257,271,285,501,716,933
ascon,asconxofav12,no,bi32_lowreg,o2,2412,63,77,89,101,114,126,138,151,164,176,188,201,213,226,238,251,264,463,663,863
ascon,asconxofav12,no,bi32_lowreg,o3,2212,65,79,93,105,118,131,144,157,171,183,197,210,223,236,249,262,276,485,693,903
ascon,asconxofav12,no,bi32_lowreg,os,2160,77,97,116,135,154,174,193,212,232,251,270,289,308,328,347,366,385,694,1002,1310
ascon,asconxofav12,no,bi32_lowsize,o1,1916,71,86,101,116,131,146,161,176,192,207,222,236,251,267,281,296,312,552,791,1032
ascon,asconxofav12,no,bi32_lowsize,o2,1380,67,81,96,109,124,137,152,166,180,194,208,223,237,251,265,279,294,521,748,975
ascon,asconxofav12,no,bi32_lowsize,o3,1384,65,78,92,106,119,133,147,161,174,188,201,216,229,243,257,270,285,505,725,945
ascon,asconxofav12,no,bi32_lowsize,os,1352,93,112,132,152,171,191,211,230,251,270,289,309,329,349,369,388,407,723,1039,1354
ascon,asconxofav12,no,bi8,o1,2976,387,473,559,645,730,816,902,988,1074,1160,1245,1331,1417,1503,1589,1674,1761,3133,4506,5880
ascon,asconxofav12,no,bi8,o2,2956,524,640,756,873,989,1105,1221,1337,1454,1570,1686,1803,1919,2035,2151,2267,2383,4243,6102,7962
ascon,asconxofav12,no,bi8,o3,2752,434,530,626,723,818,914,1010,1106,1202,1299,1395,1491,1587,1683,1779,1875,1971,3509,5047,6584
ascon,asconxofav12,no,bi8,os,2540,388,475,561,647,734,819,906,992,1078,1164,1250,1336,1422,1508,1595,1681,1768,3145,4523,5902
ascon,asconxofav12,no,esp32,o1,1312,167,198,228,257,288,319,349,378,409,440,470,500,530,561,590,621,651,1135,1619,2103
ascon,asconxofav12,no,esp32,o2,1344,212,251,290,328,368,406,445,484,522,561,599,639,677,715,754,793,832,1451,2071,2690
ascon,asconxofav12,no,esp32,o3,1344,214,253,292,331,370,409,448,487,526,565,604,644,683,721,760,799,838,1462,2085,2708
ascon,asconxofav12,no,esp32,os,1152,167,198,229,259,290,321,351,381,412,443,474,504,535,565,596,628,657,1147,1636,2126
ascon,asconxofav12,no,opt32,o1,16240,144,179,212,245,279,313,346,378,411,445,479,512,545,578,611,646,679,1211,1743,2276
ascon,asconxofav12,no,opt32,o2,21996,222,272,322,370,420,470,519,568,618,667,717,766,815,865,914,963,1013,1802,2592,3382
ascon,asconxofav12,no,opt32,o3,22000,222,272,322,370,420,469,517,567,617,666,715,765,813,864,912,962,1011,1798,2587,3375
ascon,asconxofav12,no,opt32,os,15184,138,168,198,228,258,289,318,348,379,408,438,468,498,528,557,588,618,1097,1574,2054
ascon,asconxofav12,no,opt32_lowsize,o1,1784,154,187,221,254,287,320,354,388,420,454,488,520,554,588,621,654,688,1222,1755,2289
ascon,asconxofav12,no,opt32_lowsize,o2,1444,229,279,330,380,431,481,531,582,633,683,733,783,834,884,934,984,1034,1839,2644,3448
ascon,asconxofav12,no,opt32_lowsize,o3,1448,229,279,329,380,430,480,530,580,631,681,730,781,831,882,932,982,1032,1835,2637,3439
ascon,asconxofav12,no,opt32_lowsize,os,1232,152,185,218,251,284,317,350,383,416,450,483,516,549,582,615,648,681,1210,1740,2270
ascon,asconxofav12,no,opt64,o1,15744,140,172,203,234,266,298,329,360,392,424,455,487,517,550,581,612,644,1147,1650,2154
ascon,asconxofav12,no,opt64,o2,18608,179,220,260,299,339,379,419,458,498,539,578,618,658,697,736,776,816,1453,2089,2725
ascon,asconxofav12,no,opt64,o3,18608,179,220,260,300,339,380,420,458,499,538,578,618,657,697,737,777,816,1453,2089,2725
ascon,asconxofav12,no,opt64,os,14836,137,170,204,237,271,305,338,371,405,439,473,506,540,573,607,641,674,1210,1747,2285
ascon,asconxofav12,no,opt64_lowsize,o1,1808,151,184,217,250,282,315,349,381,413,447,480,512,545,578,611,643,676,1200,1726,2250
ascon,asconxofav12,no,opt64_lowsize,o2,1488,177,215,254,293,331,370,409,448,487,525,564,603,642,680,718,757,796,1414,2034,2653
ascon,asconxofav12,no,opt64_lowsize,o3,1480,188,229,271,312,353,394,436,477,517,559,601,642,683,724,766,807,848,1508,2167,2827
ascon,asconxofav12,no,opt64_lowsize,os,1296,167,204,240,277,313,350,387,423,459,496,533,569,606,643,679,715,752,1336,1921,2506
ascon,asconxofav12,no,opt8,o1,2708,392,479,566,653,740,825,913,999,1086,1173,1259,1346,1432,1519,1606,1693,1779,3167,4553,5942
ascon,asconxofav12,no,opt8,o2,2652,500,611,722,833,943,1055,1165,1276,1386,1498,1608,1719,1830,1941,2052,2163,2273,4047,5820,7594
ascon,asconxofav12,no,opt8,o3,2516,428,523,618,714,809,903,998,1093,1188,1282,1378,1472,1568,1662,1757,1852,1947,3465,4985,6503
ascon,asconxofav12,no,opt8,os,2252,371,453,536,617,700,782,864,946,1028,1111,1192,1275,1356,1439,1521,1603,1685,2999,4313,5627
ascon,asconxofav12,no,opt8_lowsize,o1,1888,464,565,669,770,873,975,1077,1179,1281,1384,1485,1588,1690,1791,1894,1996,2098,3732,5365,7000
ascon,asconxofav12,no,opt8_lowsize,o2,2684,735,898,1061,1223,1387,1549,1712,1875,2037,2200,2362,2525,2688,2851,3014,3176,3339,5943,8546,11151
ascon,asconxofav12,no,opt8_lowsize,o3,3088,591,723,853,984,1114,1245,1375,1507,1638,1768,1899,2030,2160,2291,2422,2552,2683,4774,6866,8958
ascon,asconxofav12,no,opt8_lowsize,os,1944,557,679,801,924,1046,1169,1291,1414,1536,1659,1782,1904,2026,2149,2271,2393,2517,4475,6435,8395
ascon,asconxofav12,no,ref,o1,15628,146,181,217,253,289,324,359,394,431,466,502,537,573,608,644,680,715,1283,1853,2421
ascon,asconxofav12,no,ref,o2,18540,177,220,261,303,344,386,427,468,510,551,592,634,674,715,757,799,840,1499,2159,2819
ascon,asconxofav12,no,ref,o3,18788,174,215,254,293,333,373,413,452,492,531,570,610,650,689,730,769,808,1441,2074,2707
ascon,asconxofav12,no,ref,os,1148,186,219,253,286,320,354,388,421,454,489,520,555,588,622,656,690,723,1260,1798,2336
ascon,asconxofv12,no,armv6,o1,4892,66,81,96,111,127,141,156,171,186,201,216,231,246,261,276,292,307,545,786,1027
ascon,asconxofv12,no,armv6,o2,4272,63,78,92,107,121,136,150,164,179,193,208,222,236,251,266,281,294,525,758,989
ascon,asconxofv12,no,armv6,o3,4236,62,77,91,105,119,134,148,163,177,191,205,220,234,248,263,278,292,521,752,981
ascon,asconxofv12,no,armv6,os,4216,64,78,93,107,122,136,151,166,180,195,209,224,238,253,268,283,297,530,764,997
ascon,asconxofv12,no,armv6_lowsize,o1,1524,74,92,108,126,143,161,178,195,212,230,247,264,282,299,316,333,351,627,904,1181
ascon,asconxofv12,no,armv6_lowsize,o2,968,71,87,104,120,137,153,170,187,203,220,237,253,271,287,303,320,336,603,868,1134
ascon,asconxofv12,no,armv6_lowsize,o3,980,70,86,103,119,136,152,168,185,201,218,234,250,268,284,300,316,333,596,859,1122
ascon,asconxofv12,no,armv6_lowsize,os,960,70,86,103,119,136,153,169,186,202,219,235,252,269,285,301,318,334,600,864,1129
ascon,asconxofv12,no,armv6m,o1,3212,125,156,186,217,247,277,308,338,369,399,430,461,491,521,551,582,613,1099,1586,2073
ascon,asconxofv12,no,armv6m,o2,2656,120,151,182,212,243,273,304,334,365,396,426,457,487,517,547,578,609,1097,1586,2074
ascon,asconxofv12,no,armv6m,o3,2660,120,151,181,210,240,270,301,331,361,391,421,451,480,511,540,570,600,1080,1559,2039
ascon,asconxofv12,no,armv6m,os,2696,126,156,186,216,246,276,306,336,368,397,428,458,488,518,547,578,608,1090,1571,2054
ascon,asconxofv12,no,armv6m_lowsize,o1,1868,128,158,189,220,251,281,313,344,373,404,436,466,497,528,558,589,620,1112,1604,2096
ascon,asconxofv12,no,armv6m_lowsize,o2,1304,127,157,188,218,249,280,311,341,371,401,433,464,495,525,556,586,617,1107,1598,2088
ascon,asconxofv12,no,armv6m_lowsize,o3,1316,125,156,186,217,247,277,308,338,368,399,430,460,491,521,551,581,612,1098,1584,2070
ascon,asconxofv12,no,armv6m_lowsize,os,1296,129,161,192,223,255,286,319,350,380,412,444,475,507,538,570,601,633,1135,1638,2141
ascon,asconxofv12,no,armv7m,o1,4796,65,79,94,109,124,138,153,167,182,196,211,226,241,255,270,285,300,533,769,1003
ascon,asconxofv12,no,armv7m,o2,4176,62,76,90,104,118,132,146,160,175,189,203,217,231,245,259,274,288,514,739,965
ascon,asconxofv12,no,armv7m,o3,4140,61,75,89,103,117,131,144,159,172,186,201,215,229,242,256,271,284,508,733,957
ascon,asconxofv12,no,armv7m,os,4120,62,76,91,105,119,133,147,162,176,190,204,218,233,247,261,276,290,518,746,973
ascon,asconxofv12,no,armv7m_lowsize,o1,1508,71,88,104,121,137,154,170,187,204,220,236,253,270,287,303,319,336,601,867,1132
ascon,asconxofv12,no,armv7m_lowsize,o2,952,67,83,99,115,131,147,163,179,195,211,226,242,259,274,290,306,322,577,831,1086
ascon,asconxofv12,no,armv7m_lowsize,o3,964,67,83,98,114,130,145,161,177,192,208,224,240,255,271,287,303,318,570,821,1074
ascon,asconxofv12,no,armv7m_lowsize,os,944,67,83,99,115,130,146,162,178,194,209,225,241,257,273,288,304,320,574,827,1080
ascon,asconxofv12,no,armv7m_small,o1,1524,70,86,103,119,136,152,169,186,202,219,235,252,269,285,301,318,335,600,866,1131
ascon,asconxofv12,no,armv7m_small,o2,976,68,84,100,116,132,148,164,180,197,213,229,245,261,277,293,309,325,584,842,1099
ascon,asconxofv12,no,armv7m_small,o3,980,66,82,98,113,129,145,160,176,192,208,224,239,255,270,286,302,318,570,821,1073
ascon,asconxofv12,no,armv7m_small,os,976,69,85,102,118,135,151,167,184,200,216,233,249,266,282,299,315,332,595,858,1120
ascon,asconxofv12,no,bi32,o1,4260,66,82,98,114,130,146,162,178,194,210,226,242,257,273,289,306,322,575,832,1087
ascon,asconxofv12,no,bi32,o2,4048,71,88,105,122,138,155,172,189,207,224,240,257,274,291,308,325,343,614,887,1159
ascon,asconxofv12,no,bi32,o3,4048,72,90,107,124,142,159,176,194,211,228,245,264,280,297,315,332,350,630,909,1187
ascon,asconxofv12,no,bi32,os,3880,66,82,98,114,130,146,162,178,194,210,226,242,258,274,290,306,322,578,834,1090
ascon,asconxofv12,no,bi32_arm,o1,4516,55,69,81,94,106,118,131,144,156,169,182,194,206,219,231,245,257,459,661,862
ascon,asconxofv12,no,bi32_arm,o2,4112,52,65,77,89,101,113,125,137,149,161,173,185,197,210,221,233,246,439,634,826
ascon,asconxofv12,no,bi32_arm,o3,4112,53,64,76,88,100,112,123,136,147,160,171,183,195,207,218,231,243,433,624,815
ascon,asconxofv12,no,bi32_arm,os,3860,52,65,77,88,101,113,125,137,149,161,173,186,198,210,222,234,246,440,635,829
ascon,asconxofv12,no,bi32_armv6,o1,4412,52,64,76,88,101,113,125,137,150,161,173,186,198,210,222,234,246,442,636,831
ascon,asconxofv12,no,bi32_armv6,o2,3864,50,62,74,85,97,108,120,132,143,155,167,178,190,201,213,225,236,423,609,795
ascon,asconxofv12,no,bi32_armv6,o3,3868,50,61,73,85,96,107,119,131,142,153,165,177,188,199,211,223,234,419,602,788
ascon,asconxofv12,no,bi32_armv6,os,3864,50,62,74,86,98,110,122,134,146,158,170,182,193,205,217,229,241,432,623,814
ascon,asconxofv12,no,bi32_armv6m,o1,3572,119,147,175,202,230,258,285,312,340,369,396,423,451,479,506,533,561,1003,1445,1888
ascon,asconxofv12,no,bi32_armv6m,o2,3072,116,144,172,199,227,254,281,309,337,364,392,419,447,474,502,528,557,996,1436,1876
ascon,asconxofv12,no,bi32_armv6m,o3,3092,112,140,168,195,223,250,278,305,333,361,388,415,444,471,499,525,553,994,1434,1875
ascon,asconxofv12,no,bi32_armv6m,os,3072,118,146,173,201,229,257,284,311,339,367,395,422,450,478,506,532,561,1004,1447,1890
ascon,asconxofv12,no,bi32_armv7m,o1,9436,49,61,72,84,96,107,118,129,141,152,164,175,186,198,209,221,232,415,598,782
ascon,asconxofv12,no,bi32_armv7m,o2,8880,47,59,70,81,92,103,114,125,136,147,158,169,180,191,202,213,224,401,577,753
ascon,asconxofv12,no,bi32_armv7m,o3,8892,47,59,70,81,92,102,113,124,135,146,157,168,178,189,200,212,223,397,572,746
ascon,asconxofv12,no,bi32_armv7m,os,8944,49,61,72,83,95,106,118,129,141,152,164,176,187,198,210,222,233,418,602,787
ascon,asconxofv12,no,bi32_armv7m_small,o1,1528,61,75,90,104,118,133,147,161,175,189,204,218,232,247,261,275,289,518,748,977
ascon,asconxofv12,no,bi32_armv7m_small,o2,1236,60,74,88,102,116,130,144,158,172,186,200,214,228,242,256,270,284,508,733,957
ascon,asconxofv12,no,bi32_armv7m_small,o3,1240,58,72,85,99,113,127,140,154,168,181,195,209,223,237,250,264,278,498,717,938
ascon,asconxofv12,no,bi32_armv7m_small,os,1220,61,75,89,103,117,132,146,160,174,188,203,217,231,245,259,274,288,516,743,970
ascon,asconxofv12,no,bi32_lowreg,o1,2748,83,102,121,140,159,177,196,215,234,253,272,290,309,329,348,365,385,688,989,1290
ascon,asconxofv12,no,bi32_lowreg,o2,2512,89,108,126,144,162,180,198,216,234,252,270,288,307,326,344,361,380,668,957,1246
ascon,asconxofv12,no,bi32_lowreg,o3,2232,77,96,113,131,150,168,185,204,222,240,258,276,295,312,330,348,366,655,945,1234
ascon,asconxofv12,no,bi32_lowreg,os,2164,96,123,150,176,203,229,256,282,309,337,363,389,416,443,469,496,523,949,1375,1801
ascon,asconxofv12,no,bi32_lowsize,o1,1912,89,111,132,153,174,195,216,237,258,280,300,321,342,364,385,405,427,765,1101,1439
ascon,asconxofv12,no,bi32_lowsize,o2,1408,84,105,125,145,164,185,204,224,244,265,284,304,324,344,365,384,404,725,1046,1367
ascon,asconxofv12,no,bi32_lowsize,o3,1408,81,100,119,138,158,177,196,215,235,254,273,292,311,331,350,369,388,697,1005,1312
ascon,asconxofv12,no,bi32_lowsize,os,1352,119,147,176,204,232,262,290,318,346,375,404,432,461,489,518,545,574,1031,1487,1943
ascon,asconxofv12,no,bi8,o1,2968,512,639,766,894,1021,1148,1275,1402,1530,1657,1784,1912,2039,2166,2293,2421,2548,4584,6620,8656
ascon,asconxofv12,no,bi8,o2,2956,694,866,1039,1212,1384,1557,1730,1903,2076,2248,2420,2594,2766,2939,3112,3284,3457,6221,8985,11748
ascon,asconxofv12,no,bi8,o3,2752,572,715,858,1000,1142,1285,1428,1569,1713,1856,1998,2140,2282,2424,2567,2710,2853,5132,7413,9692
ascon,asconxofv12,no,bi8,os,2540,513,641,769,897,1025,1152,1280,1408,1536,1664,1791,1920,2047,2175,2303,2431,2558,4603,6648,8693
ascon,asconxofv12,no,esp32,o1,1312,224,269,312,357,401,447,492,534,580,624,670,714,758,802,848,892,937,1649,2361,3075
ascon,asconxofv12,no,esp32,o2,1348,285,341,398,456,512,568,625,682,739,795,852,909,965,1022,1079,1135,1192,2100,3007,3914
ascon,asconxofv12,no,esp32,o3,1348,279,334,390,446,501,557,612,668,724,779,835,891,946,1002,1057,1113,1168,2057,2947,3836
ascon,asconxofv12,no,esp32,os,1152,224,269,314,358,403,449,494,539,583,628,673,719,763,807,853,898,943,1661,2379,3097
ascon,asconxofv12,no,opt32,o1,20756,195,244,293,342,390,440,489,536,586,635,684,733,780,829,879,928,977,1756,2537,3317
ascon,asconxofv12,no,opt32,o2,28432,300,373,446,517,590,663,735,808,880,953,1024,1097,1169,1241,1314,1386,1459,2616,3774,4931
ascon,asconxofv12,no,opt32,o3,28452,297,371,443,516,588,660,733,806,878,950,1023,1095,1167,1240,1312,1385,1458,2617,3776,4935
ascon,asconxofv12,no,opt32,os,19440,184,229,274,319,365,410,455,500,545,590,635,681,725,770,816,861,906,1628,2350,3072
ascon,asconxofv12,no,opt32_lowsize,o1,1780,200,250,299,347,396,445,494,543,592,641,689,738,787,836,885,934,983,1765,2547,3329
ascon,asconxofv12,no,opt32_lowsize,o2,1432,305,380,456,532,607,683,758,833,909,984,1059,1134,1210,1285,1360,1436,1512,2717,3924,5130
ascon,asconxofv12,no,opt32_lowsize,o3,1444,301,376,451,526,599,675,748,823,898,972,1046,1121,1195,1270,1344,1419,1494,2684,3876,5067
ascon,asconxofv12,no,opt32_lowsize,os,1232,198,247,296,344,393,442,491,539,587,637,685,733,783,832,880,929,978,1757,2535,3314
ascon,asconxofv12,no,opt64,o1,20108,183,230,276,322,369,416,462,508,554,600,647,693,739,786,833,879,925,1666,2408,3149
ascon,asconxofv12,no,opt64,o2,24132,237,297,355,412,471,530,588,647,704,762,821,879,937,995,1053,1111,1170,2101,3032,3963
ascon,asconxofv12,no,opt64,o3,24132,237,297,355,413,471,529,588,646,704,762,821,879,937,995,1053,1111,1169,2101,3032,3964
ascon,asconxofv12,no,opt64,os,19040,184,231,278,326,374,421,469,516,563,610,658,705,752,800,848,895,942,1699,2458,3215
ascon,asconxofv12,no,opt64_lowsize,o1,1804,197,245,294,341,389,438,485,532,580,629,677,725,773,820,869,917,965,1733,2500,3267
ascon,asconxofv12,no,opt64_lowsize,o2,1492,247,308,369,430,491,552,612,673,735,795,857,917,978,1037,1099,1160,1221,2194,3168,4141
ascon,asconxofv12,no,opt64_lowsize,o3,1480,241,301,361,420,480,539,599,658,718,777,836,897,956,1015,1074,1134,1193,2145,3097,4048
ascon,asconxofv12,no,opt64_lowsize,os,1296,220,274,328,383,437,491,545,600,654,708,762,816,871,925,979,1033,1088,1955,2821,3688
ascon,asconxofv12,no,opt8,o1,2704,520,649,778,908,1037,1165,1295,1424,1554,1683,1811,1942,2070,2199,2329,2458,2587,4654,6721,8789
ascon,asconxofv12,no,opt8,o2,2652,668,834,999,1165,1331,1498,1663,1829,1995,2161,2327,2493,2660,2825,2992,3157,3323,5981,8637,11293
ascon,asconxofv12,no,opt8,o3,2516,570,712,854,996,1138,1280,1422,1563,1707,1847,1990,2132,2274,2415,2558,2700,2841,5112,7384,9654
ascon,asconxofv12,no,opt8,os,2252,492,615,737,861,983,1105,1227,1350,1473,1595,1718,1841,1963,2086,2208,2330,2453,4414,6375,8335
ascon,asconxofv12,no,opt8_lowsize,o1,1884,614,766,919,1071,1223,1375,1527,1679,1831,1984,2136,2287,2440,2593,2744,2897,3049,5483,7918,10353
ascon,asconxofv12,no,opt8_lowsize,o2,2680,976,1218,1462,1705,1948,2191,2433,2676,2919,3162,3405,3648,3891,4134,4378,4620,4864,8750,12636,16523
ascon,asconxofv12,no,opt8_lowsize,o3,3092,785,981,1175,1371,1565,1761,1956,2151,2346,2542,2737,2932,3127,3322,3518,3713,3908,7030,10152,13275
ascon,asconxofv12,no,opt8_lowsize,os,1944,737,920,1102,1285,1468,1651,1834,2017,2199,2382,2565,2748,2930,3113,3295,3479,3661,6585,9508,12432
ascon,asconxofv12,no,ref,o1,19976,188,239,288,337,388,437,487,536,586,635,685,735,783,834,883,933,982,1774,2568,3361
ascon,asconxofv12,no,ref,o2,24320,239,300,359,417,477,536,595,655,713,772,832,891,950,1008,1068,1127,1186,2131,3077,4022
ascon,asconxofv12,no,ref,o3,24560,230,291,350,409,469,529,588,648,707,766,826,886,945,1004,1063,1123,1182,2133,3084,4035
ascon,asconxofv12,no,ref,os,1072,231,278,326,374,423,471,518,567,615,663,711,759,807,855,903,951,999,1767,2536,3303
ascon,asconxofv12,no,rhys,o1,9312,65,77,88,100,112,123,135,146,158,170,181,193,205,216,228,240,251,438,624,811
ascon,asconxofv12,no,rhys,o2,9200,64,75,87,98,109,120,132,143,154,166,177,188,199,211,222,233,244,426,606,787
ascon,asconxofv12,no,rhys,o3,9852,65,76,87,99,110,121,133,144,155,167,178,189,201,213,224,235,247,429,611,793
ascon,asconxofv12,no,rhys,os,9236,66,78,89,101,112,124,135,146,158,169,181,192,204,215,227,238,250,434,618,802
photonbeetle,photonbeetlehash256rate32v1,yes,bitslice_sb32,o1,5708,534,535,535,1065,1596,2126,2657,3188,3718,4249,4780,5311,5840,6371,6902,7432,7963,16452,24938,33387
photonbeetle,photonbeetlehash256rate32v1,yes,bitslice_sb32,o2,6424,630,630,629,1254,1879,2505,3130,3754,4380,5005,5630,6255,6880,7505,8130,8755,9380,19382,29353,39343
photonbeetle,photonbeetlehash256rate32v1,yes,bitslice_sb32,o3,6352,604,605,605,1206,1806,2407,3009,3609,4210,4811,5412,6013,6613,7214,7815,8415,9016,18630,28219,37816
photonbeetle,photonbeetlehash256rate32v1,yes,bitslice_sb32,os,5436,503,505,504,1005,1506,2007,2507,3008,3509,4009,4510,5011,5511,6012,6513,7013,7514,15525,23535,31509
photonbeetle,photonbeetlehash256rate32v1,yes,bitslice_sb64,o1,8360,602,603,603,1202,1802,2400,3001,3600,4199,4798,5399,5998,6597,7196,7796,8395,8995,18584,28143,37712
photonbeetle,photonbeetlehash256rate32v1,yes,bitslice_sb64,o2,11852,812,812,811,1621,2430,3239,4049,4857,5667,6475,7284,8094,8903,9711,10510,11318,12125,25081,37986,50916
photonbeetle,photonbeetlehash256rate32v1,yes,bitslice_sb64,o3,12000,822,823,822,1642,2461,3279,4098,4917,5736,6555,7373,8192,9010,9829,10637,11455,12273,25385,38442,51528
photonbeetle,photonbeetlehash256rate32v1,yes,bitslice_sb64,os,8044,603,605,605,1207,1810,2413,3017,3619,4222,4826,5428,6032,6634,7237,7841,8443,9047,18694,28316,37946
photonbeetle,photonbeetlehash256rate32v1,yes,ref,o1,23124,17871,17872,17850,35697,53543,71387,89233,107079,124925,142771,160617,178462,196307,214152,231999,249845,267691,553226,838756,1124292
photonbeetle,photonbeetlehash256rate32v1,yes,ref,o2,23064,16748,16749,16732,33461,50189,66915,83643,100369,117097,133824,150552,167279,184005,200733,217461,234185,250913,518548,786180,1053817
photonbeetle,photonbeetlehash256rate32v1,yes,ref,o3,25100,8760,8761,8761,17521,26249,34997,43744,52492,61240,69987,78735,87483,96230,104978,113726,122474,131222,271185,411148,551110
photonbeetle,photonbeetlehash256rate32v1,yes,ref,os,23052,18302,18303,18283,36563,54842,73120,91399,109677,127956,146235,164513,182792,201070,219348,237627,255904,274183,566639,859096,1151554
photonbeetle,photonbeetlehash256rate32v1,yes,rhys,o1,3992,761,762,762,1520,2278,3037,3795,4554,5314,6072,6830,7589,8347,9106,9864,10608,11366,23519,35607,47726
photonbeetle,photonbeetlehash256rate32v1,yes,rhys,o2,4792,378,378,377,751,1125,1500,1875,2248,2623,2998,3373,3747,4121,4495,4870,5244,5619,11610,17602,23567
photonbeetle,photonbeetlehash256rate32v1,yes,rhys,o3,4924,373,374,373,742,1112,1483,1853,2223,2593,2964,3334,3704,4074,4443,4815,5185,5555,11478,17400,23298
photonbeetle,photonbeetlehash256rate32v1,yes,rhys,os,3848,729,730,730,1456,2182,2908,3635,4361,5088,5814,6540,7267,7993,8719,9445,10162,10887,22519,34104,45711
photonbeetle,photonbeetlehash256rate32v1,yes,table2,o1,9664,419,420,419,840,1257,1674,2092,2509,2927,3344,3761,4179,4597,5014,5432,5849,6266,12945,19625,26266
photonbeetle,photonbeetlehash256rate32v1,yes,table2,o2,9732,382,383,382,766,1146,1527,1908,2288,2669,3050,3431,3811,4192,4573,4953,5333,5714,11805,17897,23963
photonbeetle,photonbeetlehash256rate32v1,yes,table2,o3,13744,393,394,393,788,1179,1571,1962,2352,2745,3136,3527,3919,4309,4701,5092,5483,5875,12135,18395,24630
photonbeetle,photonbeetlehash256rate32v1,yes,table3,o1,69072,401,403,402,802,1199,1598,1996,2393,2792,3191,3589,3988,4386,4785,5183,5581,5980,12353,18727,25066
photonbeetle,photonbeetlehash256rate32v1,yes,table3,o2,69076,343,345,343,685,1025,1367,1707,2048,2389,2730,3071,3412,3753,4093,4435,4776,5116,10570,16024,21455
photonbeetle,photonbeetlehash256rate32v1,yes,table3,o3,72760,329,331,329,657,983,1309,1636,1963,2289,2616,2943,3269,3595,3922,4248,4575,4902,10127,15351,20564
romulus,romulush,yes,arm_asm_fixslice_cortexm,o1,8464,178,178,177,177,342,340,340,339,504,504,503,503,667,666,667,666,829,1482,2133,2785
romulus,romulush,yes,arm_asm_fixslice_cortexm,o2,8480,171,174,174,173,333,335,335,335,494,496,497,496,655,658,658,656,815,1461,2105,2749
romulus,romulush,yes,arm_asm_fixslice_cortexm,o3,8920,165,165,165,164,321,320,320,320,477,476,476,476,632,633,631,631,787,1409,2031,2654
romulus,romulush,yes,arm_asm_fixslice_cortexm,os,8416,176,176,175,175,338,337,336,336,499,498,498,497,659,660,659,658,820,1465,2109,2754
romulus,romulush,yes,fixslice_opt32,o1,11492,386,385,386,386,758,759,758,759,1131,1131,1131,1131,1504,1503,1503,1504,1876,3365,4856,6346
romulus,romulush,yes,fixslice_opt32,o2,11720,363,366,367,365,718,720,719,719,1071,1073,1073,1072,1424,1426,1426,1425,1777,3190,4603,6016
romulus,romulush,yes,fixslice_opt32,o3,18460,260,260,259,259,510,510,510,509,760,759,759,759,1010,1010,1010,1010,1260,2261,3261,4262
romulus,romulush,yes,fixslice_opt32,os,11320,413,412,412,411,810,810,809,807,1207,1206,1206,1205,1605,1604,1603,1602,2002,3589,5182,6767
romulus,romulush,yes,opt32t,o1,5580,176,176,177,177,368,368,368,368,560,560,559,561,751,751,752,753,943,1709,2476,3242
romulus,romulush,yes,opt32t,o2,5488,150,150,151,151,311,312,312,311,473,473,474,474,634,634,635,635,795,1440,2086,2732
romulus,romulush,yes,opt32t,o3,6376,150,151,151,151,314,315,315,315,478,479,479,479,641,642,643,643,805,1460,2115,2771
romulus,romulush,yes,opt32t,os,4956,174,175,175,175,368,369,368,368,561,562,561,562,754,755,755,756,948,1721,2495,3268
romulus,romulush,yes,ref,o1,1336,2692,2692,2691,2691,5372,5371,5371,5371,8052,8051,8051,8051,10718,10717,10718,10717,13395,24132,34805,45508
romulus,romulush,yes,ref,o2,1428,2805,2805,2805,2807,5600,5599,5600,5600,8395,8394,8394,8395,11178,11177,11177,11178,13970,25163,36303,47469
romulus,romulush,yes,ref,o3,4312,1214,1217,1217,1215,2428,2432,2431,2429,3643,3645,3645,3644,4856,4858,4857,4858,6069,10921,15774,20605
romulus,romulush,yes,ref,os,1296,3388,3389,3388,3387,6764,6763,6763,6764,10139,10139,10127,10128,13500,13501,13500,13500,16872,30393,43846,57332
romulus,romulush,yes,rhys,o1,13940,244,244,244,244,481,481,481,480,717,717,717,716,953,953,953,953,1189,2135,3079,4025
romulus,romulush,yes,rhys,o2,13920,239,239,239,239,472,472,472,472,704,704,704,704,936,936,936,936,1168,2098,3027,3957
romulus,romulush,yes,rhys,o3,13784,234,234,234,234,464,464,463,464,692,691,693,692,920,920,921,921,1149,2063,2977,3891
romulus,romulush,yes,rhys,os,13912,242,242,242,242,477,477,477,477,712,712,712,712,947,947,947,947,1181,2119,3059,3998
sparkle,esch256v2,yes,opt,o1,1128,171,172,170,237,235,301,300,367,366,432,430,497,496,562,561,627,625,1146,1668,2187
sparkle,esch256v2,yes,opt,o2,1172,176,176,174,243,241,310,308,378,376,445,443,512,510,579,577,646,644,1182,1720,2256
sparkle,esch256v2,yes,opt,o3,1064,96,95,94,131,129,166,165,202,200,238,236,273,272,309,307,344,344,629,914,1198
sparkle,esch256v2,yes,opt,os,984,122,122,121,168,167,213,212,259,258,305,304,351,350,396,395,442,442,808,1174,1539
sparkle,esch256v2,yes,rhys,o1,15024,36,36,34,48,46,60,59,73,71,85,84,98,96,110,108,122,120,220,318,418
sparkle,esch256v2,yes,rhys,o2,15056,35,35,33,47,45,59,57,71,69,83,82,95,94,108,106,120,117,214,311,408
sparkle,esch256v2,yes,rhys,o3,15060,36,35,34,48,46,60,58,72,70,85,83,97,95,109,107,121,119,217,315,413
sparkle,esch256v2,yes,rhys,os,15000,35,35,33,48,46,60,59,72,70,85,83,97,96,110,108,122,120,219,318,417
sparkle,esch384v2,no,rhys,o1,15088,87,87,85,111,110,135,133,159,158,184,182,207,205,231,230,256,253,446,638,831
sparkle,esch384v2,no,rhys,o2,15196,86,87,84,111,109,134,133,159,157,182,180,206,204,230,228,254,252,444,634,825
sparkle,esch384v2,no,rhys,o3,15196,86,86,85,110,108,134,132,158,157,182,180,206,204,230,228,253,252,443,634,825
sparkle,esch384v2,no,rhys,os,15080,87,88,86,112,110,136,134,160,158,184,182,209,207,233,231,257,255,450,644,838
