submission,variant,primary,implementation,config,flash,h(0),h(8),h(16),h(24),h(32),h(40),h(48),h(56),h(64),h(72),h(80),h(88),h(96),h(104),h(112),h(120),h(128),h(256),h(384),h(512),h(640),h(768),h(896),h(1024),h(1152),h(1280),h(1408),h(1536),h(1664),h(1792),h(1920),h(2048)
_reference_,sha256,yes,mbedtls,o1,3824,10918,10980,10996,11012,11028,11044,11060,19812,19148,19194,19210,19226,19242,19258,19274,28026,27359,43781,60203,76625,93047,109469,125891,142313,158735,175157,191579,208001,224423,240845,257267,273689
_reference_,sha256,yes,mbedtls,o2,4180,11873,11979,11995,12011,12027,12043,12059,21883,21217,21258,21274,21290,21306,21322,21338,31162,30493,49045,67597,86149,104701,123253,141805,160357,178909,197461,216013,234565,253117,271669,290221,308773
_reference_,sha256,yes,mbedtls,o3,4348,12308,12362,12378,12394,12410,12426,12442,22760,22117,22158,22174,22190,22206,22222,22238,32556,31895,51451,71007,90563,110119,129675,149231,168787,188343,207899,227455,247011,266567,286123,305679,325235
_reference_,sha256,yes,mbedtls,os,3428,11355,11431,11447,11463,11479,11495,11511,20697,20037,20077,20093,20109,20125,20141,20157,29343,28682,45969,63259,80549,97839,115129,132419,149709,166999,184289,201579,218869,236159,253449,270739,288029
_reference_,sha256,yes,nacl_inplace,o1,13824,11072,11107,11131,11155,11179,11203,11227,20750,20181,20216,20240,20264,20288,20312,20336,29859,29292,47514,65736,83958,102180,120402,138624,156846,175068,193290,211512,229734,247956,266178,284400,302622
_reference_,sha256,yes,nacl_inplace,o2,13172,10159,10184,10200,10216,10232,10248,10264,19115,18556,18581,18597,18613,18629,18645,18661,27512,26956,43756,60556,77356,94156,110956,127756,144556,161356,178156,194956,211756,228556,245356,262156,278956
_reference_,sha256,yes,nacl_inplace,o3,13220,10091,10131,10147,10163,10179,10195,10211,19145,18490,18530,18546,18562,18578,18594,18610,27544,26892,43696,60500,77304,94108,110912,127716,144520,161324,178128,194932,211736,228540,245344,262148,278952
_reference_,sha256,yes,nacl_inplace,os,10328,10468,10477,10485,10493,10501,10509,10517,19142,18631,18640,18648,18656,18664,18672,18680,27305,26797,43126,59458,75790,92122,108454,124786,141118,157450,173782,190114,206446,222778,239110,255442,271774
_reference_,sha256,yes,nacl_ref,o1,13972,11176,11211,11235,11259,11283,11307,11331,20957,20385,20420,20444,20468,20492,20516,20540,30166,29599,48027,66455,84883,103311,121739,140167,158595,177023,195451,213879,232307,250735,269163,287591,306019
_reference_,sha256,yes,nacl_ref,o2,14756,11283,11309,11325,11341,11357,11373,11389,21343,20786,20812,20828,20844,20860,20876,20892,30846,30290,49298,68306,87314,106322,125330,144338,163346,182354,201362,220370,239378,258386,277394,296402,315410
_reference_,sha256,yes,nacl_ref,o3,14804,11192,11234,11250,11266,11282,11298,11314,21344,20694,20736,20752,20768,20784,20800,20816,30846,30197,49203,68209,87215,106221,125227,144233,163239,182245,201251,220257,239263,258269,277275,296281,315287
_reference_,sha256,yes,nacl_ref,os,10356,10457,10466,10474,10482,10490,10498,10506,19120,18609,18618,18626,18634,18642,18650,18658,27272,26764,43071,59381,75691,92001,108311,124621,140931,157241,173551,189861,206171,222481,238791,255101,271411
_reference_,sha256,yes,otte_armcryptolib,o1,992,49785,49866,49946,50026,50106,50186,50266,99174,98093,98174,98254,98334,98414,98494,98574,147482,146391,242987,339583,436179,532775,629371,725967,822563,919159,1015755,1112351,1208947,1305543,1402139,1498735,1595331
_reference_,sha256,yes,otte_armcryptolib,o2,1016,49330,49411,49491,49571,49651,49731,49811,98602,97523,97604,97684,97764,97844,97924,98004,146795,145706,242072,338438,434804,531170,627536,723902,820268,916634,1013000,1109366,1205732,1302098,1398464,1494830,1591196
_reference_,sha256,yes,otte_armcryptolib,o3,1488,49068,49150,49230,49310,49390,49470,49550,98242,97230,97312,97392,97472,97552,97632,97712,146404,145381,241683,337985,434287,530589,626891,723193,819495,915797,1012099,1108401,1204703,1301005,1397307,1493609,1589911
_reference_,sha256,yes,otte_armcryptolib,os,944,50567,50648,50728,50808,50888,50968,51048,100669,99600,99681,99761,99841,99921,100001,100081,149702,148631,246690,344752,442814,540876,638938,737000,835062,933124,1031186,1129248,1227310,1325372,1423434,1521496,1619558
ascon,asconhashav12,no,armv6m,o2,1760,8573,10394,12163,13932,15701,17470,19239,21008,22777,24546,26315,28084,29853,31622,33391,35160,36929,65233,93537,121841,150145,178449,206753,235057,263361,291665,319969,348273,376577,404881,433185,461489
ascon,asconhashav12,no,armv6m,o3,1740,8859,10674,12438,14202,15966,17730,19494,21258,23022,24786,26550,28314,30078,31842,33606,35370,37134,65358,93582,121806,150030,178254,206478,234702,262926,291150,319374,347598,375822,404046,432270,460494
ascon,asconhashav12,no,armv6m_lowsize,o1,1124,8797,10644,12465,14286,16107,17928,19749,21570,23391,25212,27033,28854,30675,32496,34317,36138,37959,67095,96231,125367,154503,183639,212775,241911,271047,300183,329319,358455,387591,416727,445863,474999
ascon,asconhashav12,no,armv6m_lowsize,o2,840,8636,10441,12219,13997,15775,17553,19331,21109,22887,24665,26443,28221,29999,31777,33555,35333,37111,65559,94007,122455,150903,179351,207799,236247,264695,293143,321591,350039,378487,406935,435383,463831
ascon,asconhashav12,no,armv6m_lowsize,o3,820,8919,10715,12486,14257,16028,17799,19570,21341,23112,24883,26654,28425,30196,31967,33738,35509,37280,65616,93952,122288,150624,178960,207296,235632,263968,292304,320640,348976,377312,405648,433984,462320
ascon,asconhashav12,no,bi32,o1,7780,9368,11497,13600,15703,17806,19909,22012,24115,26218,28321,30424,32527,34630,36733,38836,40939,43042,76690,110338,143986,177634,211282,244930,278578,312226,345874,379522,413170,446818,480466,514114,547762
ascon,asconhashav12,no,bi32,o2,7572,9028,11096,13109,15122,17135,19148,21161,23174,25187,27200,29213,31226,33239,35252,37265,39278,41291,73499,105707,137915,170123,202331,234539,266747,298955,331163,363371,395579,427787,459995,492203,524411
ascon,asconhashav12,no,bi32,o3,7572,9020,11087,13101,15115,17129,19143,21157,23171,25185,27199,29213,31227,33241,35255,37269,39283,41297,73521,105745,137969,170193,202417,234641,266865,299089,331313,363537,395761,427985,460209,492433,524657
ascon,asconhashav12,no,bi32,os,7592,9926,12115,14304,16493,18682,20871,23060,25249,27438,29627,31816,34005,36194,38383,40572,42761,44950,79971,114995,150019,185043,220067,255091,290115,325139,360163,395187,430211,465235,500259,535283,570307
ascon,asconhashav12,no,bi32_armv6m,o2,2296,8704,10573,12365,14157,15949,17741,19533,21325,23117,24909,26701,28493,30285,32077,33869,35661,37453,66125,94797,123469,152141,180813,209485,238157,266829,295501,324173,352845,381517,410189,438861,467533
ascon,asconhashav12,no,bi32_armv6m,o3,2268,9015,10895,12691,14487,16283,18079,19875,21671,23467,25263,27059,28855,30651,32447,34243,36039,37835,66571,95307,124043,152779,181515,210251,238987,267723,296459,325195,353931,382667,411403,440139,468875
ascon,asconhashav12,no,bi32_lowreg,o1,2844,10132,12373,14580,16787,18994,21201,23408,25615,27822,30029,32236,34443,36650,38857,41064,43271,45478,80790,116102,151414,186726,222038,257350,292662,327974,363286,398598,433910,469222,504534,539846,575158
ascon,asconhashav12,no,bi32_lowreg,o2,2728,10100,12361,14501,16641,18781,20921,23061,25201,27341,29481,31621,33761,35901,38041,40181,42321,44461,78701,112941,147181,181421,215661,249901,284141,318381,352621,386861,421101,455341,489581,523821,558061
ascon,asconhashav12,no,bi32_lowreg,o3,2440,9525,11783,13917,16051,18185,20319,22453,24587,26721,28855,30989,33123,35257,37391,39525,41659,43793,77937,112081,146225,180369,214513,248657,282801,316945,351089,385233,419377,453521,487665,521809,555953
ascon,asconhashav12,no,bi32_lowreg,os,2368,11577,14238,16899,19560,22221,24882,27543,30204,32865,35526,38187,40848,43509,46170,48831,51492,54153,96726,139302,181878,224454,267030,309606,352182,394758,437334,479910,522486,565062,607638,650214,692790
ascon,asconhashav12,no,bi32_lowsize,o1,1748,10251,12524,14768,17012,19256,21500,23744,25988,28232,30476,32720,34964,37208,39452,41696,43940,46184,82088,117992,153896,189800,225704,261608,297512,333416,369320,405224,441128,477032,512936,548840,584744
ascon,asconhashav12,no,bi32_lowsize,o2,1488,10259,12538,14788,17038,19288,21538,23788,26038,28288,30538,32788,35038,37288,39538,41788,44038,46288,82288,118288,154288,190288,226288,262288,298288,334288,370288,406288,442288,478288,514288,550288,586288
ascon,asconhashav12,no,bi32_lowsize,o3,1488,10306,12594,14856,17118,19380,21642,23904,26166,28428,30690,32952,35214,37476,39738,42000,44262,46524,82716,118908,155100,191292,227484,263676,299868,336060,372252,408444,444636,480828,517020,553212,589404
ascon,asconhashav12,no,bi32_lowsize,os,1300,12175,14811,17447,20083,22719,25355,27991,30627,33263,35899,38535,41171,43807,46443,49079,51715,54351,96524,138700,180876,223052,265228,307404,349580,391756,433932,476108,518284,560460,602636,644812,686988
ascon,asconhashav12,no,bi8,o1,3140,55865,68324,80756,93188,105620,118052,130484,142916,155348,167780,180212,192644,205076,217508,229940,242372,254804,453716,652628,851540,1050452,1249364,1448276,1647188,1846100,2045012,2243924,2442836,2641748,2840660,3039572,3238484
ascon,asconhashav12,no,bi8,o2,2984,58197,71158,84093,97028,109963,122898,135833,148768,161703,174638,187573,200508,213443,226378,239313,252248,265183,472143,679103,886063,1093023,1299983,1506943,1713903,1920863,2127823,2334783,2541743,2748703,2955663,3162623,3369583
ascon,asconhashav12,no,bi8,o3,2892,54569,66728,78857,90986,103115,115244,127373,139502,151631,163760,175889,188018,200147,212276,224405,236534,248663,442727,636791,830855,1024919,1218983,1413047,1607111,1801175,1995239,2189303,2383367,2577431,2771495,2965559,3159623
ascon,asconhashav12,no,bi8,os,2836,58368,71329,84290,97251,110212,123173,136134,149095,162056,175017,187978,200939,213900,226861,239822,252783,265744,473117,680493,887869,1095245,1302621,1509997,1717373,1924749,2132125,2339501,2546877,2754253,2961629,3169005,3376381
ascon,asconhashav12,no,opt32,o1,11940,10749,13398,15927,18456,20985,23514,26043,28572,31101,33630,36159,38688,41217,43746,46275,48804,51333,91797,132261,172725,213189,253653,294117,334581,375045,415509,455973,496437,536901,577365,617829,658293
ascon,asconhashav12,no,opt32,o2,11752,10586,13192,15709,18226,20743,23260,25777,28294,30811,33328,35845,38362,40879,43396,45913,48430,50947,91219,131491,171763,212035,252307,292579,332851,373123,413395,453667,493939,534211,574483,614755,655027
ascon,asconhashav12,no,opt32,o3,11556,10911,13361,15725,18089,20453,22817,25181,27545,29909,32273,34637,37001,39365,41729,44093,46457,48821,86645,124469,162293,200117,237941,275765,313589,351413,389237,427061,464885,502709,540533,578357,616181
ascon,asconhashav12,no,opt32,os,11584,11781,14739,17657,20575,23493,26411,29329,32247,35165,38083,41001,43919,46837,49755,52673,55591,58509,105194,151882,198570,245258,291946,338634,385322,432010,478698,525386,572074,618762,665450,712138,758826
ascon,asconhashav12,no,opt32_lowsize,o1,1236,12369,15010,17624,20238,22852,25466,28080,30694,33308,35922,38536,41150,43764,46378,48992,51606,54220,96044,137868,179692,221516,263340,305164,346988,388812,430636,472460,514284,556108,597932,639756,681580
ascon,asconhashav12,no,opt32_lowsize,o2,944,12140,14722,17278,19834,22390,24946,27502,30058,32614,35170,37726,40282,42838,45394,47950,50506,53062,93958,134854,175750,216646,257542,298438,339334,380230,421126,462022,502918,543814,584710,625606,666502
ascon,asconhashav12,no,opt32_lowsize,o3,932,12492,15082,17646,20210,22774,25338,27902,30466,33030,35594,38158,40722,43286,45850,48414,50978,53542,94566,135590,176614,217638,258662,299686,340710,381734,422758,463782,504806,545830,586854,627878,668902
ascon,asconhashav12,no,opt32_lowsize,os,960,13636,16517,19397,22277,25157,28037,30917,33797,36677,39557,42437,45317,48197,51077,53957,56837,59717,105794,151874,197954,244034,290114,336194,382274,428354,474434,520514,566594,612674,658754,704834,750914
ascon,asconhashav12,no,opt64,o1,12756,10751,13394,15985,18576,21167,23758,26349,28940,31531,34122,36713,39304,41895,44486,47077,49668,52259,93715,135171,176627,218083,259539,300995,342451,383907,425363,466819,508275,549731,591187,632643,674099
ascon,asconhashav12,no,opt64,o2,12436,10508,13133,15627,18121,20615,23109,25603,28097,30591,33085,35579,38073,40567,43061,45555,48049,50543,90447,130351,170255,210159,250063,289967,329871,369775,409679,449583,489487,529391,569295,609199,649103
ascon,asconhashav12,no,opt64,o3,12436,10504,13129,15623,18117,20611,23105,25599,28093,30587,33081,35575,38069,40563,43057,45551,48045,50539,90443,130347,170251,210155,250059,289963,329867,369771,409675,449579,489483,529387,569291,609195,649099
ascon,asconhashav12,no,opt64,os,11940,12088,15199,18310,21421,24532,27643,30754,33865,36976,40087,43198,46309,49420,52531,55642,58753,61864,111637,161413,211189,260965,310741,360517,410293,460069,509845,559621,609397,659173,708949,758725,808501
ascon,asconhashav12,no,opt64_lowsize,o1,1524,11768,14362,16929,19496,22063,24630,27197,29764,32331,34898,37465,40032,42599,45166,47733,50300,52867,93939,135011,176083,217155,258227,299299,340371,381443,422515,463587,504659,545731,586803,627875,668947
ascon,asconhashav12,no,opt64_lowsize,o2,1364,13629,16640,19624,22608,25592,28576,31560,34544,37528,40512,43496,46480,49464,52448,55432,58416,61400,109144,156888,204632,252376,300120,347864,395608,443352,491096,538840,586584,634328,682072,729816,777560
ascon,asconhashav12,no,opt64_lowsize,o3,1344,13604,16614,19593,22572,25551,28530,31509,34488,37467,40446,43425,46404,49383,52362,55341,58320,61299,108963,156627,204291,251955,299619,347283,394947,442611,490275,537939,585603,633267,680931,728595,776259
ascon,asconhashav12,no,opt64_lowsize,os,1100,13800,16819,19838,22857,25876,28895,31914,34933,37952,40971,43990,47009,50028,53047,56066,59085,62104,110405,158709,207013,255317,303621,351925,400229,448533,496837,545141,593445,641749,690053,738357,786661
ascon,asconhashav12,no,opt8,o1,3220,65459,80028,94570,109112,123654,138196,152738,167280,181822,196364,210906,225448,239990,254532,269074,283616,298158,530830,763502,996174,1228846,1461518,1694190,1926862,2159534,2392206,2624878,2857550,3090222,3322894,3555566,3788238
ascon,asconhashav12,no,opt8,o2,3180,66898,81795,96655,111515,126375,141235,156095,170955,185815,200675,215535,230395,245255,260115,274975,289835,304695,542455,780215,1017975,1255735,1493495,1731255,1969015,2206775,2444535,2682295,2920055,3157815,3395575,3633335,3871095
ascon,asconhashav12,no,opt8,o3,2560,50339,61556,72736,83916,95096,106276,117456,128636,139816,150996,162176,173356,184536,195716,206896,218076,229256,408136,587016,765896,944776,1123656,1302536,1481416,1660296,1839176,2018056,2196936,2375816,2554696,2733576,2912456
ascon,asconhashav12,no,opt8,os,2896,65549,80092,94632,109172,123712,138252,152792,167332,181872,196412,210952,225492,240032,254572,269112,283652,298192,530829,763469,996109,1228749,1461389,1694029,1926669,2159309,2391949,2624589,2857229,3089869,3322509,3555149,3787789
ascon,asconhashav12,no,ref,o1,12076,10877,13396,15871,18346,20821,23296,25771,28246,30721,33196,35671,38146,40621,43096,45571,48046,50521,90121,129721,169321,208921,248521,288121,327721,367321,406921,446521,486121,525721,565321,604921,644521
ascon,asconhashav12,no,ref,o2,12276,10786,13408,15881,18354,20827,23300,25773,28246,30719,33192,35665,38138,40611,43084,45557,48030,50503,90071,129639,169207,208775,248343,287911,327479,367047,406615,446183,485751,525319,564887,604455,644023
ascon,asconhashav12,no,ref,o3,12164,10224,12809,15253,17697,20141,22585,25029,27473,29917,32361,34805,37249,39693,42137,44581,47025,49469,88573,127677,166781,205885,244989,284093,323197,362301,401405,440509,479613,518717,557821,596925,636029
ascon,asconhashav12,no,ref,os,1132,20357,23898,27439,30980,34521,38062,41603,45144,48685,52226,55767,59308,62849,66390,69931,73472,77013,133666,190322,246978,303634,360290,416946,473602,530258,586914,643570,700226,756882,813538,870194,926850
ascon,asconhashv12,yes,armv6m,o2,1760,10973,13594,16163,18732,21301,23870,26439,29008,31577,34146,36715,39284,41853,44422,46991,49560,52129,93233,134337,175441,216545,257649,298753,339857,380961,422065,463169,504273,545377,586481,627585,668689
ascon,asconhashv12,yes,armv6m,o3,1740,11247,13858,16418,18978,21538,24098,26658,29218,31778,34338,36898,39458,42018,44578,47138,49698,52258,93218,134178,175138,216098,257058,298018,338978,379938,420898,461858,502818,543778,584738,625698,666658
ascon,asconhashv12,yes,armv6m_lowsize,o1,1124,11185,13828,16445,19062,21679,24296,26913,29530,32147,34764,37381,39998,42615,45232,47849,50466,53083,94955,136827,178699,220571,262443,304315,346187,388059,429931,471803,513675,555547,597419,639291,681163
ascon,asconhashv12,yes,armv6m_lowsize,o2,840,11036,13641,16219,18797,21375,23953,26531,29109,31687,34265,36843,39421,41999,44577,47155,49733,52311,93559,134807,176055,217303,258551,299799,341047,382295,423543,464791,506039,547287,588535,629783,671031
ascon,asconhashv12,yes,armv6m_lowsize,o3,820,11307,13899,16466,19033,21600,24167,26734,29301,31868,34435,37002,39569,42136,44703,47270,49837,52404,93476,134548,175620,216692,257764,298836,339908,380980,422052,463124,504196,545268,586340,627412,668484
ascon,asconhashv12,yes,bi32,o1,5116,12014,15025,18010,20995,23980,26965,29950,32935,35920,38905,41890,44875,47860,50845,53830,56815,59800,107560,155320,203080,250840,298600,346360,394120,441880,489640,537400,585160,632920,680680,728440,776200
ascon,asconhashv12,yes,bi32,o2,4940,11758,14736,17659,20582,23505,26428,29351,32274,35197,38120,41043,43966,46889,49812,52735,55658,58581,105349,152117,198885,245653,292421,339189,385957,432725,479493,526261,573029,619797,666565,713333,760101
ascon,asconhashv12,yes,bi32,o3,4940,11753,14731,17656,20581,23506,26431,29356,32281,35206,38131,41056,43981,46906,49831,52756,55681,58606,105406,152206,199006,245806,292606,339406,386206,433006,479806,526606,573406,620206,667006,713806,760606
ascon,asconhashv12,yes,bi32,os,4976,12932,16123,19314,22505,25696,28887,32078,35269,38460,41651,44842,48033,51224,54415,57606,60797,63988,115041,166097,217153,268209,319265,370321,421377,472433,523489,574545,625601,676657,727713,778769,829825
ascon,asconhashv12,yes,bi32_armv6m,o2,2296,10968,13602,16162,18722,21282,23842,26402,28962,31522,34082,36642,39202,41762,44322,46882,49442,52002,92962,133922,174882,215842,256802,297762,338722,379682,420642,461602,502562,543522,584482,625442,666402
ascon,asconhashv12,yes,bi32_armv6m,o3,2268,11309,13963,16537,19111,21685,24259,26833,29407,31981,34555,37129,39703,42277,44851,47425,49999,52573,93757,134941,176125,217309,258493,299677,340861,382045,423229,464413,505597,546781,587965,629149,670333
ascon,asconhashv12,yes,bi32_lowreg,o1,2828,13013,16212,19378,22544,25710,28876,32042,35208,38374,41540,44706,47872,51038,54204,57370,60536,63702,114358,165014,215670,266326,316982,367638,418294,468950,519606,570262,620918,671574,722230,772886,823542
ascon,asconhashv12,yes,bi32_lowreg,o2,2740,12872,16063,19137,22211,25285,28359,31433,34507,37581,40655,43729,46803,49877,52951,56025,59099,62173,111357,160541,209725,258909,308093,357277,406461,455645,504829,554013,603197,652381,701565,750749,799933
ascon,asconhashv12,yes,bi32_lowreg,o3,2448,12226,15431,18515,21599,24683,27767,30851,33935,37019,40103,43187,46271,49355,52439,55523,58607,61691,111035,160379,209723,259067,308411,357755,407099,456443,505787,555131,604475,653819,703163,752507,801851
ascon,asconhashv12,yes,bi32_lowreg,os,2336,14652,18682,22712,26742,30772,34802,38832,42862,46892,50922,54952,58982,63012,67042,71072,75102,79132,143609,208089,272569,337049,401529,466009,530489,594969,659449,723929,788409,852889,917369,981849,1046329
ascon,asconhashv12,yes,bi32_lowsize,o1,1748,13107,16332,19528,22724,25920,29116,32312,35508,38704,41900,45096,48292,51488,54684,57880,61076,64272,115408,166544,217680,268816,319952,371088,422224,473360,524496,575632,626768,677904,729040,780176,831312
ascon,asconhashv12,yes,bi32_lowsize,o2,1488,13211,16474,19708,22942,26176,29410,32644,35878,39112,42346,45580,48814,52048,55282,58516,61750,64984,116728,168472,220216,271960,323704,375448,427192,478936,530680,582424,634168,685912,737656,789400,841144
ascon,asconhashv12,yes,bi32_lowsize,o3,1488,13264,16538,19786,23034,26282,29530,32778,36026,39274,42522,45770,49018,52266,55514,58762,62010,65258,117226,169194,221162,273130,325098,377066,429034,481002,532970,584938,636906,688874,740842,792810,844778
ascon,asconhashv12,yes,bi32_lowsize,os,1300,15823,19675,23527,27379,31231,35083,38935,42787,46639,50491,54343,58195,62047,65899,69751,73603,77455,139084,200716,262348,323980,385612,447244,508876,570508,632140,693772,755404,817036,878668,940300,1001932
ascon,asconhashv12,yes,bi8,o1,3140,74111,92652,111166,129680,148194,166708,185222,203736,222250,240764,259278,277792,296306,314820,333334,351848,370362,666586,962810,1259034,1555258,1851482,2147706,2443930,2740154,3036378,3332602,3628826,3925050,4221274,4517498,4813722
ascon,asconhashv12,yes,bi8,o2,2984,77229,96534,115813,135092,154371,173650,192929,212208,231487,250766,270045,289324,308603,327882,347161,366440,385719,694183,1002647,1311111,1619575,1928039,2236503,2544967,2853431,3161895,3470359,3778823,4087287,4395751,4704215,5012679
ascon,asconhashv12,yes,bi8,o3,2892,72383,90480,108547,126614,144681,162748,180815,198882,216949,235016,253083,271150,289217,307284,325351,343418,361485,650557,939629,1228701,1517773,1806845,2095917,2384989,2674061,2963133,3252205,3541277,3830349,4119421,4408493,4697565
ascon,asconhashv12,yes,bi8,os,2836,77520,96865,116210,135555,154900,174245,193590,212935,232280,251625,270970,290315,309660,329005,348350,367695,387040,696557,1006077,1315597,1625117,1934637,2244157,2553677,2863197,3172717,3482237,3791757,4101277,4410797,4720317,5029837
ascon,asconhashv12,yes,opt32,o1,15340,14174,18062,21824,25586,29348,33110,36872,40634,44396,48158,51920,55682,59444,63206,66968,70730,74492,134684,194876,255068,315260,375452,435644,495836,556028,616220,676412,736604,796796,856988,917180,977372
ascon,asconhashv12,yes,opt32,o2,14920,13895,17487,20989,24491,27993,31495,34997,38499,42001,45503,49005,52507,56009,59511,63013,66515,70017,126049,182081,238113,294145,350177,406209,462241,518273,574305,630337,686369,742401,798433,854465,910497
ascon,asconhashv12,yes,opt32,o3,15132,14328,18119,21821,25523,29225,32927,36629,40331,44033,47735,51437,55139,58841,62543,66245,69947,73649,132881,192113,251345,310577,369809,429041,488273,547505,606737,665969,725201,784433,843665,902897,962129
ascon,asconhashv12,yes,opt32,os,14824,15398,19796,24154,28512,32870,37228,41586,45944,50302,54660,59018,63376,67734,72092,76450,80808,85166,154891,224619,294347,364075,433803,503531,573259,642987,712715,782443,852171,921899,991627,1061355,1131083
ascon,asconhashv12,yes,opt32_lowsize,o1,1236,15958,19794,23604,27414,31224,35034,38844,42654,46464,50274,54084,57894,61704,65514,69324,73134,76944,137904,198864,259824,320784,381744,442704,503664,564624,625584,686544,747504,808464,869424,930384,991344
ascon,asconhashv12,yes,opt32_lowsize,o2,944,15716,19490,23238,26986,30734,34482,38230,41978,45726,49474,53222,56970,60718,64466,68214,71962,75710,135678,195646,255614,315582,375550,435518,495486,555454,615422,675390,735358,795326,855294,915262,975230
ascon,asconhashv12,yes,opt32_lowsize,o3,932,16080,19866,23626,27386,31146,34906,38666,42426,46186,49946,53706,57466,61226,64986,68746,72506,76266,136426,196586,256746,316906,377066,437226,497386,557546,617706,677866,738026,798186,858346,918506,978666
ascon,asconhashv12,yes,opt32_lowsize,os,960,17728,21973,26217,30461,34705,38949,43193,47437,51681,55925,60169,64413,68657,72901,77145,81389,85633,153534,221438,289342,357246,425150,493054,560958,628862,696766,764670,832574,900478,968382,1036286,1104190
ascon,asconhashv12,yes,opt64,o1,16144,13979,17905,21778,25651,29524,33397,37270,41143,45016,48889,52762,56635,60508,64381,68254,72127,76000,137968,199936,261904,323872,385840,447808,509776,571744,633712,695680,757648,819616,881584,943552,1005520
ascon,asconhashv12,yes,opt64,o2,15896,13592,17597,21463,25329,29195,33061,36927,40793,44659,48525,52391,56257,60123,63989,67855,71721,75587,137443,199299,261155,323011,384867,446723,508579,570435,632291,694147,756003,817859,879715,941571,1003427
ascon,asconhashv12,yes,opt64,o3,15896,13595,17600,21467,25334,29201,33068,36935,40802,44669,48536,52403,56270,60137,64004,67871,71738,75605,137477,199349,261221,323093,384965,446837,508709,570581,632453,694325,756197,818069,879941,941813,1003685
ascon,asconhashv12,yes,opt64,os,15324,16196,20815,25434,30053,34672,39291,43910,48529,53148,57767,62386,67005,71624,76243,80862,85481,90100,164001,237905,311809,385713,459617,533521,607425,681329,755233,829137,903041,976945,1050849,1124753,1198657
ascon,asconhashv12,yes,opt64_lowsize,o1,1524,15284,19050,22789,26528,30267,34006,37745,41484,45223,48962,52701,56440,60179,63918,67657,71396,75135,134959,194783,254607,314431,374255,434079,493903,553727,613551,673375,733199,793023,852847,912671,972495
ascon,asconhashv12,yes,opt64_lowsize,o2,1364,17817,22224,26604,30984,35364,39744,44124,48504,52884,57264,61644,66024,70404,74784,79164,83544,87924,158004,228084,298164,368244,438324,508404,578484,648564,718644,788724,858804,928884,998964,1069044,1139124
ascon,asconhashv12,yes,opt64_lowsize,o3,1344,17792,22198,26573,30948,35323,39698,44073,48448,52823,57198,61573,65948,70323,74698,79073,83448,87823,157823,227823,297823,367823,437823,507823,577823,647823,717823,787823,857823,927823,997823,1067823,1137823
ascon,asconhashv12,yes,opt64_lowsize,os,1100,18168,22643,27118,31593,36068,40543,45018,49493,53968,58443,62918,67393,71868,76343,80818,85293,89768,161365,232965,304565,376165,447765,519365,590965,662565,734165,805765,877365,948965,1020565,1092165,1163765
ascon,asconhashv12,yes,opt8,o1,3220,87059,108828,130570,152312,174054,195796,217538,239280,261022,282764,304506,326248,347990,369732,391474,413216,434958,782830,1130702,1478574,1826446,2174318,2522190,2870062,3217934,3565806,3913678,4261550,4609422,4957294,5305166,5653038
ascon,asconhashv12,yes,opt8,o2,3180,88966,111219,133435,155651,177867,200083,222299,244515,266731,288947,311163,333379,355595,377811,400027,422243,444459,799915,1155371,1510827,1866283,2221739,2577195,2932651,3288107,3643563,3999019,4354475,4709931,5065387,5420843,5776299
ascon,asconhashv12,yes,opt8,o3,2560,66899,83636,100336,117036,133736,150436,167136,183836,200536,217236,233936,250636,267336,284036,300736,317436,334136,601336,868536,1135736,1402936,1670136,1937336,2204536,2471736,2738936,3006136,3273336,3540536,3807736,4074936,4342136
ascon,asconhashv12,yes,opt8,os,2896,87221,108988,130752,152516,174280,196044,217808,239572,261336,283100,304864,326628,348392,370156,391920,413684,435448,783669,1131893,1480117,1828341,2176565,2524789,2873013,3221237,3569461,3917685,4265909,4614133,4962357,5310581,5658805
ascon,asconhashv12,yes,ref,o1,15324,14270,17891,21467,25043,28619,32195,35771,39347,42923,46499,50075,53651,57227,60803,64379,67955,71531,128747,185963,243179,300395,357611,414827,472043,529259,586475,643691,700907,758123,815339,872555,929771
ascon,asconhashv12,yes,ref,o2,15576,14218,17964,21556,25148,28740,32332,35924,39516,43108,46700,50292,53884,57476,61068,64660,68252,71844,129316,186788,244260,301732,359204,416676,474148,531620,589092,646564,704036,761508,818980,876452,933924
ascon,asconhashv12,yes,ref,o3,15660,13811,17591,21214,24837,28460,32083,35706,39329,42952,46575,50198,53821,57444,61067,64690,68313,71936,129904,187872,245840,303808,361776,419744,477712,535680,593648,651616,709584,767552,825520,883488,941456
ascon,asconhashv12,yes,ref,os,1064,25183,30330,35477,40624,45771,50918,56065,61212,66359,71506,76653,81800,86947,92094,97241,102388,107535,189884,272236,354588,436940,519292,601644,683996,766348,848700,931052,1013404,1095756,1178108,1260460,1342812
ascon,asconhashv12,yes,rhys,o1,1700,15336,18561,21765,24969,28173,31377,34581,37785,40989,44193,47397,50601,53805,57009,60213,63417,66621,117885,169149,220413,271677,322941,374205,425469,476733,527997,579261,630525,681789,733053,784317,835581
ascon,asconhashv12,yes,rhys,o2,1740,14970,18194,21382,24570,27758,30946,34134,37322,40510,43698,46886,50074,53262,56450,59638,62826,66014,117022,168030,219038,270046,321054,372062,423070,474078,525086,576094,627102,678110,729118,780126,831134
ascon,asconhashv12,yes,rhys,o3,1796,14899,18099,21266,24433,27600,30767,33934,37101,40268,43435,46602,49769,52936,56103,59270,62437,65604,116276,166948,217620,268292,318964,369636,420308,470980,521652,572324,622996,673668,724340,775012,825684
ascon,asconhashv12,yes,rhys,os,1592,17326,21048,24770,28492,32214,35936,39658,43380,47102,50824,54546,58268,61990,65712,69434,73156,76878,136427,195979,255531,315083,374635,434187,493739,553291,612843,672395,731947,791499,851051,910603,970155
ascon,asconxofav12,no,armv6m,o2,1760,8573,10394,12163,13932,15701,17470,19239,21008,22777,24546,26315,28084,29853,31622,33391,35160,36929,65233,93537,121841,150145,178449,206753,235057,263361,291665,319969,348273,376577,404881,433185,461489
ascon,asconxofav12,no,armv6m,o3,1740,8859,10674,12438,14202,15966,17730,19494,21258,23022,24786,26550,28314,30078,31842,33606,35370,37134,65358,93582,121806,150030,178254,206478,234702,262926,291150,319374,347598,375822,404046,432270,460494
ascon,asconxofav12,no,armv6m_lowsize,o1,1124,8797,10644,12465,14286,16107,17928,19749,21570,23391,25212,27033,28854,30675,32496,34317,36138,37959,67095,96231,125367,154503,183639,212775,241911,271047,300183,329319,358455,387591,416727,445863,474999
ascon,asconxofav12,no,armv6m_lowsize,o2,840,8636,10441,12219,13997,15775,17553,19331,21109,22887,24665,26443,28221,29999,31777,33555,35333,37111,65559,94007,122455,150903,179351,207799,236247,264695,293143,321591,350039,378487,406935,435383,463831
ascon,asconxofav12,no,armv6m_lowsize,o3,820,8919,10715,12486,14257,16028,17799,19570,21341,23112,24883,26654,28425,30196,31967,33738,35509,37280,65616,93952,122288,150624,178960,207296,235632,263968,292304,320640,348976,377312,405648,433984,462320
ascon,asconxofav12,no,bi32,o1,7780,9368,11497,13600,15703,17806,19909,22012,24115,26218,28321,30424,32527,34630,36733,38836,40939,43042,76690,110338,143986,177634,211282,244930,278578,312226,345874,379522,413170,446818,480466,514114,547762
ascon,asconxofav12,no,bi32,o2,7572,9028,11096,13109,15122,17135,19148,21161,23174,25187,27200,29213,31226,33239,35252,37265,39278,41291,73499,105707,137915,170123,202331,234539,266747,298955,331163,363371,395579,427787,459995,492203,524411
ascon,asconxofav12,no,bi32,o3,7572,9020,11087,13101,15115,17129,19143,21157,23171,25185,27199,29213,31227,33241,35255,37269,39283,41297,73521,105745,137969,170193,202417,234641,266865,299089,331313,363537,395761,427985,460209,492433,524657
ascon,asconxofav12,no,bi32,os,7592,9926,12115,14304,16493,18682,20871,23060,25249,27438,29627,31816,34005,36194,38383,40572,42761,44950,79971,114995,150019,185043,220067,255091,290115,325139,360163,395187,430211,465235,500259,535283,570307
ascon,asconxofav12,no,bi32_armv6m,o2,2296,8704,10573,12365,14157,15949,17741,19533,21325,23117,24909,26701,28493,30285,32077,33869,35661,37453,66125,94797,123469,152141,180813,209485,238157,266829,295501,324173,352845,381517,410189,438861,467533
ascon,asconxofav12,no,bi32_armv6m,o3,2268,9015,10895,12691,14487,16283,18079,19875,21671,23467,25263,27059,28855,30651,32447,34243,36039,37835,66571,95307,124043,152779,181515,210251,238987,267723,296459,325195,353931,382667,411403,440139,468875
ascon,asconxofav12,no,bi32_lowreg,o1,2844,10132,12373,14580,16787,18994,21201,23408,25615,27822,30029,32236,34443,36650,38857,41064,43271,45478,80790,116102,151414,186726,222038,257350,292662,327974,363286,398598,433910,469222,504534,539846,575158
ascon,asconxofav12,no,bi32_lowreg,o2,2728,10100,12361,14501,16641,18781,20921,23061,25201,27341,29481,31621,33761,35901,38041,40181,42321,44461,78701,112941,147181,181421,215661,249901,284141,318381,352621,386861,421101,455341,489581,523821,558061
ascon,asconxofav12,no,bi32_lowreg,o3,2440,9525,11783,13917,16051,18185,20319,22453,24587,26721,28855,30989,33123,35257,37391,39525,41659,43793,77937,112081,146225,180369,214513,248657,282801,316945,351089,385233,419377,453521,487665,521809,555953
ascon,asconxofav12,no,bi32_lowreg,os,2368,11562,14221,16880,19539,22198,24857,27516,30175,32834,35493,38152,40811,43470,46129,48788,51447,54106,96647,139191,181735,224279,266823,309367,351911,394455,436999,479543,522087,564631,607175,649719,692263
ascon,asconxofav12,no,bi32_lowsize,o1,1748,10251,12524,14768,17012,19256,21500,23744,25988,28232,30476,32720,34964,37208,39452,41696,43940,46184,82088,117992,153896,189800,225704,261608,297512,333416,369320,405224,441128,477032,512936,548840,584744
ascon,asconxofav12,no,bi32_lowsize,o2,1488,10259,12538,14788,17038,19288,21538,23788,26038,28288,30538,32788,35038,37288,39538,41788,44038,46288,82288,118288,154288,190288,226288,262288,298288,334288,370288,406288,442288,478288,514288,550288,586288
ascon,asconxofav12,no,bi32_lowsize,o3,1488,10306,12594,14856,17118,19380,21642,23904,26166,28428,30690,32952,35214,37476,39738,42000,44262,46524,82716,118908,155100,191292,227484,263676,299868,336060,372252,408444,444636,480828,517020,553212,589404
ascon,asconxofav12,no,bi32_lowsize,os,1300,12175,14811,17447,20083,22719,25355,27991,30627,33263,35899,38535,41171,43807,46443,49079,51715,54351,96524,138700,180876,223052,265228,307404,349580,391756,433932,476108,518284,560460,602636,644812,686988
ascon,asconxofav12,no,bi8,o1,3140,55865,68324,80756,93188,105620,118052,130484,142916,155348,167780,180212,192644,205076,217508,229940,242372,254804,453716,652628,851540,1050452,1249364,1448276,1647188,1846100,2045012,2243924,2442836,2641748,2840660,3039572,3238484
ascon,asconxofav12,no,bi8,o2,2984,58197,71158,84093,97028,109963,122898,135833,148768,161703,174638,187573,200508,213443,226378,239313,252248,265183,472143,679103,886063,1093023,1299983,1506943,1713903,1920863,2127823,2334783,2541743,2748703,2955663,3162623,3369583
ascon,asconxofav12,no,bi8,o3,2892,54569,66728,78857,90986,103115,115244,127373,139502,151631,163760,175889,188018,200147,212276,224405,236534,248663,442727,636791,830855,1024919,1218983,1413047,1607111,1801175,1995239,2189303,2383367,2577431,2771495,2965559,3159623
ascon,asconxofav12,no,bi8,os,2836,58368,71329,84290,97251,110212,123173,136134,149095,162056,175017,187978,200939,213900,226861,239822,252783,265744,473117,680493,887869,1095245,1302621,1509997,1717373,1924749,2132125,2339501,2546877,2754253,2961629,3169005,3376381
ascon,asconxofav12,no,opt32,o1,11940,10749,13398,15927,18456,20985,23514,26043,28572,31101,33630,36159,38688,41217,43746,46275,48804,51333,91797,132261,172725,213189,253653,294117,334581,375045,415509,455973,496437,536901,577365,617829,658293
ascon,asconxofav12,no,opt32,o2,11752,10586,13192,15709,18226,20743,23260,25777,28294,30811,33328,35845,38362,40879,43396,45913,48430,50947,91219,131491,171763,212035,252307,292579,332851,373123,413395,453667,493939,534211,574483,614755,655027
ascon,asconxofav12,no,opt32,o3,11556,10911,13361,15725,18089,20453,22817,25181,27545,29909,32273,34637,37001,39365,41729,44093,46457,48821,86645,124469,162293,200117,237941,275765,313589,351413,389237,427061,464885,502709,540533,578357,616181
ascon,asconxofav12,no,opt32,os,11584,11781,14739,17657,20575,23493,26411,29329,32247,35165,38083,41001,43919,46837,49755,52673,55591,58509,105194,151882,198570,245258,291946,338634,385322,432010,478698,525386,572074,618762,665450,712138,758826
ascon,asconxofav12,no,opt32_lowsize,o1,1236,12369,15009,17624,20238,22852,25466,28080,30694,33308,35922,38536,41150,43764,46378,48992,51606,54220,96044,137868,179692,221516,263340,305164,346988,388812,430636,472460,514284,556108,597932,639756,681580
ascon,asconxofav12,no,opt32_lowsize,o2,944,12140,14722,17278,19834,22390,24946,27502,30058,32614,35170,37726,40282,42838,45394,47950,50506,53062,93958,134854,175750,216646,257542,298438,339334,380230,421126,462022,502918,543814,584710,625606,666502
ascon,asconxofav12,no,opt32_lowsize,o3,932,12492,15082,17646,20210,22774,25338,27902,30466,33030,35594,38158,40722,43286,45850,48414,50978,53542,94566,135590,176614,217638,258662,299686,340710,381734,422758,463782,504806,545830,586854,627878,668902
ascon,asconxofav12,no,opt32_lowsize,os,960,13636,16517,19397,22277,25157,28037,30917,33797,36677,39557,42437,45317,48197,51077,53957,56837,59717,105794,151874,197954,244034,290114,336194,382274,428354,474434,520514,566594,612674,658754,704834,750914
ascon,asconxofav12,no,opt64,o1,12756,10751,13394,15985,18576,21167,23758,26349,28940,31531,34122,36713,39304,41895,44486,47077,49668,52259,93715,135171,176627,218083,259539,300995,342451,383907,425363,466819,508275,549731,591187,632643,674099
ascon,asconxofav12,no,opt64,o2,12436,10508,13133,15627,18121,20615,23109,25603,28097,30591,33085,35579,38073,40567,43061,45555,48049,50543,90447,130351,170255,210159,250063,289967,329871,369775,409679,449583,489487,529391,569295,609199,649103
ascon,asconxofav12,no,opt64,o3,12436,10504,13129,15623,18117,20611,23105,25599,28093,30587,33081,35575,38069,40563,43057,45551,48045,50539,90443,130347,170251,210155,250059,289963,329867,369771,409675,449579,489483,529387,569291,609195,649099
ascon,asconxofav12,no,opt64,os,11940,12088,15199,18310,21421,24532,27643,30754,33865,36976,40087,43198,46309,49420,52531,55642,58753,61864,111637,161413,211189,260965,310741,360517,410293,460069,509845,559621,609397,659173,708949,758725,808501
ascon,asconxofav12,no,opt64_lowsize,o1,1524,11768,14362,16929,19496,22063,24630,27197,29764,32331,34898,37465,40032,42599,45166,47733,50300,52867,93939,135011,176083,217155,258227,299299,340371,381443,422515,463587,504659,545731,586803,627875,668947
ascon,asconxofav12,no,opt64_lowsize,o2,1364,13629,16640,19624,22608,25592,28576,31560,34544,37528,40512,43496,46480,49464,52448,55432,58416,61400,109144,156888,204632,252376,300120,347864,395608,443352,491096,538840,586584,634328,682072,729816,777560
ascon,asconxofav12,no,opt64_lowsize,o3,1344,13604,16614,19593,22572,25551,28530,31509,34488,37467,40446,43425,46404,49383,52362,55341,58320,61299,108963,156627,204291,251955,299619,347283,394947,442611,490275,537939,585603,633267,680931,728595,776259
ascon,asconxofav12,no,opt64_lowsize,os,1100,13800,16819,19838,22857,25876,28895,31914,34933,37952,40971,43990,47009,50028,53047,56066,59085,62104,110405,158709,207013,255317,303621,351925,400229,448533,496837,545141,593445,641749,690053,738357,786661
ascon,asconxofav12,no,opt8,o1,3220,65459,80028,94570,109112,123654,138196,152738,167280,181822,196364,210906,225448,239990,254532,269074,283616,298158,530830,763502,996174,1228846,1461518,1694190,1926862,2159534,2392206,2624878,2857550,3090222,3322894,3555566,3788238
ascon,asconxofav12,no,opt8,o2,3180,66898,81795,96655,111515,126375,141235,156095,170955,185815,200675,215535,230395,245255,260115,274975,289835,304695,542455,780215,1017975,1255735,1493495,1731255,1969015,2206775,2444535,2682295,2920055,3157815,3395575,3633335,3871095
ascon,asconxofav12,no,opt8,o3,2560,50339,61556,72736,83916,95096,106276,117456,128636,139816,150996,162176,173356,184536,195716,206896,218076,229256,408136,587016,765896,944776,1123656,1302536,1481416,1660296,1839176,2018056,2196936,2375816,2554696,2733576,2912456
ascon,asconxofav12,no,opt8,os,2896,65549,80092,94632,109172,123712,138252,152792,167332,181872,196412,210952,225492,240032,254572,269112,283652,298192,530829,763469,996109,1228749,1461389,1694029,1926669,2159309,2391949,2624589,2857229,3089869,3322509,3555149,3787789
ascon,asconxofav12,no,ref,o1,12076,10877,13396,15871,18346,20821,23296,25771,28246,30721,33196,35671,38146,40621,43096,45571,48046,50521,90121,129721,169321,208921,248521,288121,327721,367321,406921,446521,486121,525721,565321,604921,644521
ascon,asconxofav12,no,ref,o2,12276,10786,13408,15881,18354,20827,23300,25773,28246,30719,33192,35665,38138,40611,43084,45557,48030,50503,90071,129639,169207,208775,248343,287911,327479,367047,406615,446183,485751,525319,564887,604455,644023
ascon,asconxofav12,no,ref,o3,12164,10224,12809,15253,17697,20141,22585,25029,27473,29917,32361,34805,37249,39693,42137,44581,47025,49469,88573,127677,166781,205885,244989,284093,323197,362301,401405,440509,479613,518717,557821,596925,636029
ascon,asconxofav12,no,ref,os,1132,20356,23899,27442,30985,34528,38071,41614,45157,48700,52243,55786,59329,62872,66415,69958,73501,77044,133729,190417,247105,303793,360481,417169,473857,530545,587233,643921,700609,757297,813985,870673,927361
ascon,asconxofv12,no,armv6m,o2,1756,10973,13594,16163,18732,21301,23870,26439,29008,31577,34146,36715,39284,41853,44422,46991,49560,52129,93233,134337,175441,216545,257649,298753,339857,380961,422065,463169,504273,545377,586481,627585,668689
ascon,asconxofv12,no,armv6m,o3,1736,11247,13858,16418,18978,21538,24098,26658,29218,31778,34338,36898,39458,42018,44578,47138,49698,52258,93218,134178,175138,216098,257058,298018,338978,379938,420898,461858,502818,543778,584738,625698,666658
ascon,asconxofv12,no,armv6m_lowsize,o1,1120,11185,13828,16445,19062,21679,24296,26913,29530,32147,34764,37381,39998,42615,45232,47849,50466,53083,94955,136827,178699,220571,262443,304315,346187,388059,429931,471803,513675,555547,597419,639291,681163
ascon,asconxofv12,no,armv6m_lowsize,o2,836,11036,13641,16219,18797,21375,23953,26531,29109,31687,34265,36843,39421,41999,44577,47155,49733,52311,93559,134807,176055,217303,258551,299799,341047,382295,423543,464791,506039,547287,588535,629783,671031
ascon,asconxofv12,no,armv6m_lowsize,o3,816,11307,13899,16466,19033,21600,24167,26734,29301,31868,34435,37002,39569,42136,44703,47270,49837,52404,93476,134548,175620,216692,257764,298836,339908,380980,422052,463124,504196,545268,586340,627412,668484
ascon,asconxofv12,no,bi32,o1,5112,12014,15025,18010,20995,23980,26965,29950,32935,35920,38905,41890,44875,47860,50845,53830,56815,59800,107560,155320,203080,250840,298600,346360,394120,441880,489640,537400,585160,632920,680680,728440,776200
ascon,asconxofv12,no,bi32,o2,4936,11758,14736,17659,20582,23505,26428,29351,32274,35197,38120,41043,43966,46889,49812,52735,55658,58581,105349,152117,198885,245653,292421,339189,385957,432725,479493,526261,573029,619797,666565,713333,760101
ascon,asconxofv12,no,bi32,o3,4936,11753,14731,17656,20581,23506,26431,29356,32281,35206,38131,41056,43981,46906,49831,52756,55681,58606,105406,152206,199006,245806,292606,339406,386206,433006,479806,526606,573406,620206,667006,713806,760606
ascon,asconxofv12,no,bi32,os,4976,12932,16123,19314,22505,25696,28887,32078,35269,38460,41651,44842,48033,51224,54415,57606,60797,63988,115041,166097,217153,268209,319265,370321,421377,472433,523489,574545,625601,676657,727713,778769,829825
ascon,asconxofv12,no,bi32_armv6m,o2,2292,10968,13602,16162,18722,21282,23842,26402,28962,31522,34082,36642,39202,41762,44322,46882,49442,52002,92962,133922,174882,215842,256802,297762,338722,379682,420642,461602,502562,543522,584482,625442,666402
ascon,asconxofv12,no,bi32_armv6m,o3,2264,11309,13963,16537,19111,21685,24259,26833,29407,31981,34555,37129,39703,42277,44851,47425,49999,52573,93757,134941,176125,217309,258493,299677,340861,382045,423229,464413,505597,546781,587965,629149,670333
ascon,asconxofv12,no,bi32_lowreg,o1,2824,13013,16212,19378,22544,25710,28876,32042,35208,38374,41540,44706,47872,51038,54204,57370,60536,63702,114358,165014,215670,266326,316982,367638,418294,468950,519606,570262,620918,671574,722230,772886,823542
ascon,asconxofv12,no,bi32_lowreg,o2,2736,12872,16063,19137,22211,25285,28359,31433,34507,37581,40655,43729,46803,49877,52951,56025,59099,62173,111357,160541,209725,258909,308093,357277,406461,455645,504829,554013,603197,652381,701565,750749,799933
ascon,asconxofv12,no,bi32_lowreg,o3,2444,12226,15431,18515,21599,24683,27767,30851,33935,37019,40103,43187,46271,49355,52439,55523,58607,61691,111035,160379,209723,259067,308411,357755,407099,456443,505787,555131,604475,653819,703163,752507,801851
ascon,asconxofv12,no,bi32_lowreg,os,2332,14673,18703,22733,26763,30793,34823,38853,42883,46913,50943,54973,59003,63033,67063,71093,75123,79153,143630,208110,272590,337070,401550,466030,530510,594990,659470,723950,788430,852910,917390,981870,1046350
ascon,asconxofv12,no,bi32_lowsize,o1,1744,13107,16332,19528,22724,25920,29116,32312,35508,38704,41900,45096,48292,51488,54684,57880,61076,64272,115408,166544,217680,268816,319952,371088,422224,473360,524496,575632,626768,677904,729040,780176,831312
ascon,asconxofv12,no,bi32_lowsize,o2,1484,13211,16474,19708,22942,26176,29410,32644,35878,39112,42346,45580,48814,52048,55282,58516,61750,64984,116728,168472,220216,271960,323704,375448,427192,478936,530680,582424,634168,685912,737656,789400,841144
ascon,asconxofv12,no,bi32_lowsize,o3,1484,13264,16538,19786,23034,26282,29530,32778,36026,39274,42522,45770,49018,52266,55514,58762,62010,65258,117226,169194,221162,273130,325098,377066,429034,481002,532970,584938,636906,688874,740842,792810,844778
ascon,asconxofv12,no,bi32_lowsize,os,1300,15823,19675,23527,27379,31231,35083,38935,42787,46639,50491,54343,58195,62047,65899,69751,73603,77455,139084,200716,262348,323980,385612,447244,508876,570508,632140,693772,755404,817036,878668,940300,1001932
ascon,asconxofv12,no,bi8,o1,3132,74111,92652,111166,129680,148194,166708,185222,203736,222250,240764,259278,277792,296306,314820,333334,351848,370362,666586,962810,1259034,1555258,1851482,2147706,2443930,2740154,3036378,3332602,3628826,3925050,4221274,4517498,4813722
ascon,asconxofv12,no,bi8,o2,2984,77229,96534,115813,135092,154371,173650,192929,212208,231487,250766,270045,289324,308603,327882,347161,366440,385719,694183,1002647,1311111,1619575,1928039,2236503,2544967,2853431,3161895,3470359,3778823,4087287,4395751,4704215,5012679
ascon,asconxofv12,no,bi8,o3,2892,72375,90470,108535,126600,144665,162730,180795,198860,216925,234990,253055,271120,289185,307250,325315,343380,361445,650485,939525,1228565,1517605,1806645,2095685,2384725,2673765,2962805,3251845,3540885,3829925,4118965,4408005,4697045
ascon,asconxofv12,no,bi8,os,2836,77520,96865,116210,135555,154900,174245,193590,212935,232280,251625,270970,290315,309660,329005,348350,367695,387040,696557,1006077,1315597,1625117,1934637,2244157,2553677,2863197,3172717,3482237,3791757,4101277,4410797,4720317,5029837
ascon,asconxofv12,no,opt32,o1,15336,14174,18062,21824,25586,29348,33110,36872,40634,44396,48158,51920,55682,59444,63206,66968,70730,74492,134684,194876,255068,315260,375452,435644,495836,556028,616220,676412,736604,796796,856988,917180,977372
ascon,asconxofv12,no,opt32,o2,14916,13895,17487,20989,24491,27993,31495,34997,38499,42001,45503,49005,52507,56009,59511,63013,66515,70017,126049,182081,238113,294145,350177,406209,462241,518273,574305,630337,686369,742401,798433,854465,910497
ascon,asconxofv12,no,opt32,o3,15128,14328,18119,21821,25523,29225,32927,36629,40331,44033,47735,51437,55139,58841,62543,66245,69947,73649,132881,192113,251345,310577,369809,429041,488273,547505,606737,665969,725201,784433,843665,902897,962129
ascon,asconxofv12,no,opt32,os,14824,15398,19796,24154,28512,32870,37228,41586,45944,50302,54660,59018,63376,67734,72092,76450,80808,85166,154891,224619,294347,364075,433803,503531,573259,642987,712715,782443,852171,921899,991627,1061355,1131083
ascon,asconxofv12,no,opt32_lowsize,o1,1232,15957,19794,23604,27414,31224,35034,38844,42654,46464,50274,54084,57894,61704,65514,69324,73134,76944,137904,198864,259824,320784,381744,442704,503664,564624,625584,686544,747504,808464,869424,930384,991344
ascon,asconxofv12,no,opt32_lowsize,o2,940,15716,19490,23238,26986,30734,34482,38230,41978,45726,49474,53222,56970,60718,64466,68214,71962,75710,135678,195646,255614,315582,375550,435518,495486,555454,615422,675390,735358,795326,855294,915262,975230
ascon,asconxofv12,no,opt32_lowsize,o3,928,16080,19866,23626,27386,31146,34906,38666,42426,46186,49946,53706,57466,61226,64986,68746,72506,76266,136426,196586,256746,316906,377066,437226,497386,557546,617706,677866,738026,798186,858346,918506,978666
ascon,asconxofv12,no,opt32_lowsize,os,960,17728,21973,26217,30461,34705,38949,43193,47437,51681,55925,60169,64413,68657,72901,77145,81389,85633,153534,221438,289342,357246,425150,493054,560958,628862,696766,764670,832574,900478,968382,1036286,1104190
ascon,asconxofv12,no,opt64,o1,16140,13979,17905,21778,25651,29524,33397,37270,41143,45016,48889,52762,56635,60508,64381,68254,72127,76000,137968,199936,261904,323872,385840,447808,509776,571744,633712,695680,757648,819616,881584,943552,1005520
ascon,asconxofv12,no,opt64,o2,15892,13592,17597,21463,25329,29195,33061,36927,40793,44659,48525,52391,56257,60123,63989,67855,71721,75587,137443,199299,261155,323011,384867,446723,508579,570435,632291,694147,756003,817859,879715,941571,1003427
ascon,asconxofv12,no,opt64,o3,15892,13595,17600,21467,25334,29201,33068,36935,40802,44669,48536,52403,56270,60137,64004,67871,71738,75605,137477,199349,261221,323093,384965,446837,508709,570581,632453,694325,756197,818069,879941,941813,1003685
ascon,asconxofv12,no,opt64,os,15324,16196,20815,25434,30053,34672,39291,43910,48529,53148,57767,62386,67005,71624,76243,80862,85481,90100,164001,237905,311809,385713,459617,533521,607425,681329,755233,829137,903041,976945,1050849,1124753,1198657
ascon,asconxofv12,no,opt64_lowsize,o1,1520,15284,19050,22789,26528,30267,34006,37745,41484,45223,48962,52701,56440,60179,63918,67657,71396,75135,134959,194783,254607,314431,374255,434079,493903,553727,613551,673375,733199,793023,852847,912671,972495
ascon,asconxofv12,no,opt64_lowsize,o2,1360,17817,22224,26604,30984,35364,39744,44124,48504,52884,57264,61644,66024,70404,74784,79164,83544,87924,158004,228084,298164,368244,438324,508404,578484,648564,718644,788724,858804,928884,998964,1069044,1139124
ascon,asconxofv12,no,opt64_lowsize,o3,1340,17792,22198,26573,30948,35323,39698,44073,48448,52823,57198,61573,65948,70323,74698,79073,83448,87823,157823,227823,297823,367823,437823,507823,577823,647823,717823,787823,857823,927823,997823,1067823,1137823
ascon,asconxofv12,no,opt64_lowsize,os,1100,18168,22643,27118,31593,36068,40543,45018,49493,53968,58443,62918,67393,71868,76343,80818,85293,89768,161365,232965,304565,376165,447765,519365,590965,662565,734165,805765,877365,948965,1020565,1092165,1163765
ascon,asconxofv12,no,opt8,o1,3216,87059,108828,130570,152312,174054,195796,217538,239280,261022,282764,304506,326248,347990,369732,391474,413216,434958,782830,1130702,1478574,1826446,2174318,2522190,2870062,3217934,3565806,3913678,4261550,4609422,4957294,5305166,5653038
ascon,asconxofv12,no,opt8,o2,3176,88966,111219,133435,155651,177867,200083,222299,244515,266731,288947,311163,333379,355595,377811,400027,422243,444459,799915,1155371,1510827,1866283,2221739,2577195,2932651,3288107,3643563,3999019,4354475,4709931,5065387,5420843,5776299
ascon,asconxofv12,no,opt8,o3,2556,66899,83636,100336,117036,133736,150436,167136,183836,200536,217236,233936,250636,267336,284036,300736,317436,334136,601336,868536,1135736,1402936,1670136,1937336,2204536,2471736,2738936,3006136,3273336,3540536,3807736,4074936,4342136
ascon,asconxofv12,no,opt8,os,2896,87221,108988,130752,152516,174280,196044,217808,239572,261336,283100,304864,326628,348392,370156,391920,413684,435448,783669,1131893,1480117,1828341,2176565,2524789,2873013,3221237,3569461,3917685,4265909,4614133,4962357,5310581,5658805
ascon,asconxofv12,no,ref,o1,15320,14270,17891,21467,25043,28619,32195,35771,39347,42923,46499,50075,53651,57227,60803,64379,67955,71531,128747,185963,243179,300395,357611,414827,472043,529259,586475,643691,700907,758123,815339,872555,929771
ascon,asconxofv12,no,ref,o2,15572,14218,17964,21556,25148,28740,32332,35924,39516,43108,46700,50292,53884,57476,61068,64660,68252,71844,129316,186788,244260,301732,359204,416676,474148,531620,589092,646564,704036,761508,818980,876452,933924
ascon,asconxofv12,no,ref,o3,15656,13811,17591,21214,24837,28460,32083,35706,39329,42952,46575,50198,53821,57444,61067,64690,68313,71936,129904,187872,245840,303808,361776,419744,477712,535680,593648,651616,709584,767552,825520,883488,941456
ascon,asconxofv12,no,ref,os,1060,25151,30290,35429,40568,45707,50846,55985,61124,66263,71402,76541,81680,86819,91958,97097,102236,107375,189596,271820,354044,436268,518492,600716,682940,765164,847388,929612,1011836,1094060,1176284,1258508,1340732
ascon,asconxofv12,no,rhys,o1,2184,16228,19459,22663,25867,29071,32275,35479,38683,41887,45091,48295,51499,54703,57907,61111,64315,67519,118783,170047,221311,272575,323839,375103,426367,477631,528895,580159,631423,682687,733951,785215,836479
ascon,asconxofv12,no,rhys,o2,2156,15894,19123,22316,25509,28702,31895,35088,38281,41474,44667,47860,51053,54246,57439,60632,63825,67018,118106,169194,220282,271370,322458,373546,424634,475722,526810,577898,628986,680074,731162,782250,833338
ascon,asconxofv12,no,rhys,o3,2528,15813,19018,22190,25362,28534,31706,34878,38050,41222,44394,47566,50738,53910,57082,60254,63426,66598,117350,168102,218854,269606,320358,371110,421862,472614,523366,574118,624870,675622,726374,777126,827878
ascon,asconxofv12,no,rhys,os,2004,18135,21805,25476,29147,32818,36489,40160,43831,47502,51173,54844,58515,62186,65857,69528,73199,76870,135603,194339,253075,311811,370547,429283,488019,546755,605491,664227,722963,781699,840435,899171,957907
photonbeetle,photonbeetlehash256rate32v1,yes,bitslice_sb32,o1,5228,51712,51848,51923,103012,154050,205088,256126,307164,358202,409240,460278,511316,562354,613392,664430,715468,766506,1583114,2399722,3216330,4032938,4849546,5666154,6482762,7299370,8115978,8932586,9749194,10565801,11382409,12199017,13015626
photonbeetle,photonbeetlehash256rate32v1,yes,bitslice_sb32,o2,5260,51238,51367,51428,102077,152643,203209,253775,304341,354907,405473,456039,506605,557171,607737,658303,708869,759435,1568491,2377547,3186603,3995659,4804715,5613771,6422827,7231883,8040939,8849994,9659050,10468106,11277162,12086218,12895274
photonbeetle,photonbeetlehash256rate32v1,yes,bitslice_sb32,o3,5320,50846,50978,51036,101281,151443,201605,251767,301929,352091,402253,452415,502577,552739,602901,653063,703225,753387,1555979,2358571,3161163,3963755,4766347,5568939,6371530,7174123,7976715,8779306,9581898,10384491,11187082,11989674,12792266
photonbeetle,photonbeetlehash256rate32v1,yes,bitslice_sb32,os,5108,54473,54610,54683,108614,162512,216410,270308,324206,378104,432002,485900,539798,593696,647594,701492,755390,809288,1671653,2534021,3396389,4258757,5121125,5983493,6845861,7708229,8570597,9432965,10295332,11157700,12020068,12882436,13744805
photonbeetle,photonbeetlehash256rate32v1,yes,bitslice_sb64,o1,6228,52606,52743,52818,104892,156934,208976,261018,313060,365102,417144,469186,521228,573270,625312,677354,729396,781438,1614110,2446782,3279454,4112126,4944798,5777470,6610142,7442814,8275485,9108158,9940830,10773502,11606173,12438845,13271517
photonbeetle,photonbeetlehash256rate32v1,yes,bitslice_sb64,o2,6232,52064,52192,52254,103809,155301,206793,258285,309777,361269,412761,464253,515745,567237,618729,670221,721713,773205,1597077,2420949,3244821,4068693,4892565,5716437,6540309,7364181,8188052,9011925,9835797,10659669,11483540,12307412,13131285
photonbeetle,photonbeetlehash256rate32v1,yes,bitslice_sb64,o3,6124,51623,51754,51812,102921,153927,204933,255939,306945,357951,408957,459963,510969,561975,612981,663987,714993,765999,1582095,2398191,3214287,4030383,4846479,5662575,6478671,7294767,8110863,8926959,9743054,10559150,11375246,12191342,13007438
photonbeetle,photonbeetlehash256rate32v1,yes,bitslice_sb64,os,5572,52867,53004,53076,105519,157925,210331,262737,315143,367549,419955,472361,524767,577173,629579,681985,734391,786797,1625290,2463786,3302282,4140778,4979274,5817770,6656266,7494762,8333257,9171754,10010249,10848745,11687242,12525738,13364233
photonbeetle,photonbeetlehash256rate32v1,yes,ref,o1,4844,1400691,1400819,1400894,2801048,4201166,5601284,7001402,8401520,9801638,11201755,12601873,14001991,15402109,16802228,18202346,19602464,21002582,43404469,65806357,71431030,93832917,116234805,121859478,144261365,166663254,172287926,194689814,217091701,222716374,245118262,267520149,273144822
photonbeetle,photonbeetlehash256rate32v1,yes,ref,o2,4904,1252380,1252508,1252568,2504429,3756235,5008041,6259847,7511652,8763459,10015264,11267070,12518876,13770682,15022488,16274294,17526101,18777907,38806803,58835699,78864594,98893490,102145171,122174067,142202962,162231858,182260755,185512435,205541331,225570226,245599123,265628018,268879699
photonbeetle,photonbeetlehash256rate32v1,yes,ref,o3,6544,801241,801013,800959,1601103,2401533,3201435,4001593,4802487,5602509,6403315,7203169,8003791,8804525,9604698,10404824,11204958,12004972,24810269,37615453,50421221,80005492,92810149,105617613,118422029,148006076,160812301,173616517,186423293,216005828,228809805,241616140,254421605
photonbeetle,photonbeetlehash256rate32v1,yes,ref,os,4704,1430928,1431065,1431137,2861549,4291897,5722245,7152593,8582941,10013289,11443636,12873984,14304332,15734680,17165029,18595377,20025725,21456073,44341637,50449990,73335558,96221125,102329478,125215045,148100614,154208966,177094534,199980101,206088454,228974022,235082374,257967942,280853509
photonbeetle,photonbeetlehash256rate32v1,yes,rhys,o1,3728,73390,73458,73472,146371,219219,292067,364915,437763,510611,583459,656307,729155,802003,874851,947699,1020547,1093395,2258963,3424531,4590099,5755667,6921235,8086802,9252371,10417938,11583506,12749074,13914642,15080210,16245778,17411347,35354131
photonbeetle,photonbeetlehash256rate32v1,yes,rhys,o2,3752,33356,33412,33426,66280,99054,131828,164602,197376,230150,262924,295698,328472,361246,394020,426794,459568,492342,1016726,1541110,2065494,2589878,3114262,3638646,4163030,4687414,5211798,5736182,6260566,6784949,7309334,7833718,8358101
photonbeetle,photonbeetlehash256rate32v1,yes,rhys,o3,4004,36065,36122,36135,71655,107115,142575,178035,213495,248955,284415,319875,355335,390795,426255,461715,497175,532635,1099995,1667355,2234715,2802075,3369435,3936795,4504155,5071515,5638875,6206235,6773595,7340955,7908314,8475675,9043034
photonbeetle,photonbeetlehash256rate32v1,yes,rhys,os,3612,82363,82413,82434,164355,246163,327971,409779,491587,573395,655203,737011,818819,900627,982435,1064243,1146051,1227859,2536784,3845712,5154640,6463568,7772496,9081423,10390352,11699279,13008207,14317136,15626063,16934992,35021136,53107280,71193424
photonbeetle,photonbeetlehash256rate32v1,yes,table2,o1,9236,49028,49142,49238,97714,146174,194622,243050,291494,339940,388352,436810,485272,533702,582138,630582,679028,727484,1502578,2277630,3052796,3827778,4602918,5378026,6153066,6928153,7703200,8478266,9253324,10028351,10803409,11578483,12353576
photonbeetle,photonbeetlehash256rate32v1,yes,table2,o2,9288,50784,50935,50975,101271,151499,201707,251951,302151,352373,402579,452807,503023,553237,603445,653685,703905,754129,1557591,2361109,3164651,3968183,4771695,5575181,6378632,7182091,7985583,8789014,9592474,10396049,11199564,12003042,12806498
photonbeetle,photonbeetlehash256rate32v1,yes,table2,o3,11436,29329,29451,29491,58287,86977,115669,144372,173060,201750,230454,259133,287874,316535,345198,373906,402586,431257,890223,1349243,1808256,2267217,2726235,3185199,3644178,4103201,4562228,5021228,5480161,5939142,6398137,6857156,7316140
photonbeetle,photonbeetlehash256rate32v1,yes,table3,o1,68628,46558,46686,46782,92810,138828,184818,230808,276780,322790,368758,414768,460742,506736,552718,598726,644710,690710,1426606,2162436,2898264,3634062,4369860,5105706,5841506,6577330,7313159,8049002,8784835,9520748,10256538,10992385,11728207
photonbeetle,photonbeetlehash256rate32v1,yes,table3,o2,68656,46858,46986,47048,93388,139674,185960,232246,278532,324818,371104,417390,463676,509962,556248,602534,648820,695106,1435682,2176258,2916834,3657410,4397986,5138562,5879138,6619714,7360289,8100866,8841441,9582018,10322593,11063169,11803745
photonbeetle,photonbeetlehash256rate32v1,yes,table3,o3,70676,26729,26843,26891,53048,79145,105179,131274,157339,183428,209515,235573,261637,287751,313809,339900,365955,392033,809288,1226503,1643806,2061081,2478359,2895577,3312764,3730024,4147217,4564503,4981584,5398715,5815914,6233053,6650193
romulus,romulush,yes,fixslice_opt32,o1,12568,59090,59090,59090,59090,117394,117394,117394,117394,175668,175668,175668,175668,233942,233942,233942,233942,292216,525312,758408,991504,1224600,1457696,1690792,1923888,2156984,2390080,2623176,2856272,3089368,3322464,3555560,3788656
romulus,romulush,yes,fixslice_opt32,o2,13264,57212,57212,57212,57212,113668,113668,113668,113668,170100,170100,170100,170100,226532,226532,226532,226532,282964,508692,734420,960148,1185876,1411604,1637332,1863060,2088788,2314516,2540244,2765972,2991700,3217428,3443156,3668884
romulus,romulush,yes,fixslice_opt32,o3,23176,52329,52340,52348,52356,103631,103640,103648,103656,154909,154918,154926,154934,206187,206196,206204,206212,257465,462577,667689,872801,1077913,1283025,1488137,1693249,1898361,2103473,2308585,2513697,2718809,2923921,3129033,3334145
romulus,romulush,yes,fixslice_opt32,os,12252,59720,59695,59671,59647,118342,118317,118293,118269,176964,176939,176915,176891,235586,235561,235537,235513,294208,528693,763181,997669,1232157,1466645,1701133,1935621,2170109,2404597,2639085,2873573,3108061,3342549,3577037,3811525
romulus,romulush,yes,opt32t,o1,6560,20155,20178,20197,20217,41935,41958,41977,41997,63687,63710,63729,63749,85439,85462,85481,85501,107191,194199,281207,368215,455223,542231,629239,716247,803255,890263,977271,1064279,1151287,1238295,1325303,1412311
romulus,romulush,yes,opt32t,o2,6292,20190,20209,20227,20248,41965,41984,42002,42023,63708,63727,63745,63766,85451,85470,85488,85509,107194,194166,281138,368110,455082,542054,629026,715998,802970,889942,976914,1063886,1150858,1237830,1324802,1411774
romulus,romulush,yes,opt32t,o3,7116,20201,20222,20240,20261,41910,41931,41949,41970,63574,63595,63613,63634,85238,85259,85277,85298,106902,193558,280214,366870,453526,540182,626838,713494,800150,886806,973462,1060118,1146774,1233430,1320086,1406742
romulus,romulush,yes,opt32t,os,6308,21874,21908,21931,21956,47343,47377,47400,47425,72812,72846,72869,72894,98281,98315,98338,98363,123750,225623,327499,429375,531251,633128,735003,836879,938755,1040631,1142507,1244383,1346259,1448135,1550011,1651887
romulus,romulush,yes,ref,o1,1828,217882,217911,217904,217917,434993,434959,434905,435011,651974,652060,652000,651986,868994,869059,869074,869043,1086150,1954492,2822713,3690941,4559422,5427567,6295908,7164169,8032296,8900591,9768791,10637105,11505405,12373685,13241918,14110264
romulus,romulush,yes,ref,o2,1836,219870,219893,219886,219814,439005,439014,439048,439018,658247,658185,658218,658274,877428,877418,877375,877404,1096565,1973189,2849867,3726442,4603095,5479737,6356382,7232917,8109611,8986282,9862829,10739422,11616085,12492661,13369270,14245834
romulus,romulush,yes,ref,o3,4800,162756,162769,162757,162743,324588,324603,324594,324610,486273,486272,486248,486270,647928,647941,647933,647923,809582,1456259,2102885,2749544,3396188,4042871,4689480,5336109,5982767,6629399,7276035,7922654,8569283,9215964,9862638,10509249
romulus,romulush,yes,ref,os,1824,245954,245999,245912,245894,490973,490962,490964,490959,736111,736031,736030,736013,981106,981026,981006,981009,1226064,2206077,3186061,4166031,5146045,6126102,7106018,8085907,9066036,10046100,11025970,12005983,12986075,13966042,14946096,15925981
romulus,romulush,yes,rhys,o1,6680,41835,41851,41867,41883,82609,82625,82641,82657,123366,123382,123398,123414,164123,164139,164155,164171,204880,367908,530936,693964,856992,1020020,1183048,1346076,1509104,1672132,1835160,1998188,2161216,2324244,2487272,2650300
romulus,romulush,yes,rhys,o2,7124,47944,47961,47977,47993,94827,94844,94860,94876,141705,141722,141738,141754,188583,188600,188616,188632,235461,422973,610485,797997,985509,1173021,1360533,1548045,1735557,1923069,2110581,2298093,2485605,2673117,2860629,3048141
romulus,romulush,yes,rhys,o3,7376,47723,47739,47755,47771,94456,94473,94489,94505,141179,141196,141212,141228,187902,187919,187935,187951,234625,421517,608409,795301,982193,1169085,1355977,1542869,1729761,1916653,2103545,2290437,2477329,2664221,2851113,3038005
romulus,romulush,yes,rhys,os,6180,43319,43336,43352,43368,85536,85553,85569,85585,127753,127770,127786,127802,169970,169987,170003,170019,212187,381052,549920,718788,887656,1056524,1225392,1394260,1563128,1731996,1900864,2069732,2238600,2407468,2576336,2745204
sparkle,esch256v2,yes,opt,o1,968,12143,12158,12148,16693,16683,21210,21200,25727,25717,30244,30234,34761,34751,39278,39268,43795,43785,79921,116057,152193,188329,224465,260601,296737,332873,369009,405145,441281,477417,513553,549689,585825
sparkle,esch256v2,yes,opt,o2,976,11704,11720,11709,16090,16079,20439,20428,24788,24777,29137,29126,33486,33475,37835,37824,42184,42173,76965,111757,146549,181341,216133,250925,285717,320509,355301,390093,424885,459677,494469,529261,564053
sparkle,esch256v2,yes,opt,o3,964,12071,12089,12072,16472,16455,20835,20818,25198,25181,29561,29544,33924,33907,38287,38270,42650,42633,77537,112441,147345,182249,217153,252057,286961,321865,356769,391673,426577,461481,496385,531289,566193
sparkle,esch256v2,yes,opt,os,848,14398,14415,14407,19800,19792,25185,25177,30570,30562,35955,35947,41340,41332,46725,46717,52110,52102,95179,138259,181339,224419,267499,310579,353659,396739,439819,482899,525979,569059,612139,655219,698299
sparkle,esch256v2,yes,rhys,o1,1432,9467,9483,9486,13119,13122,16694,16697,20269,20272,23844,23847,27419,27422,30994,30997,34569,34572,63172,91772,120372,148972,177572,206172,234772,263372,291972,320572,349172,377772,406372,434972,463572
sparkle,esch256v2,yes,rhys,o2,1516,9425,9441,9452,13084,13095,16655,16666,20226,20237,23797,23808,27368,27379,30939,30950,34510,34521,63089,91657,120225,148793,177361,205929,234497,263065,291633,320201,348769,377337,405905,434473,463041
sparkle,esch256v2,yes,rhys,o3,1508,9370,9386,9393,13013,13019,16568,16574,20123,20129,23678,23684,27233,27239,30788,30794,34343,34349,62789,91229,119669,148109,176549,204989,233429,261869,290309,318749,347189,375629,404069,432509,460949
sparkle,esch256v2,yes,rhys,os,1172,9528,9544,9539,13149,13144,16754,16749,20359,20354,23964,23959,27569,27564,31174,31169,34779,34774,63611,92451,121291,150131,178971,207811,236651,265491,294331,323171,352011,380851,409691,438531,467371
sparkle,esch384v2,no,rhys,o1,1780,18975,18989,18993,24413,24416,29776,29779,35139,35142,40502,40505,45865,45868,51228,51231,56591,56594,99498,142402,185306,228210,271114,314018,356922,399826,442730,485634,528538,571442,614346,657250,700154
sparkle,esch384v2,no,rhys,o2,1868,19024,19040,19048,24496,24503,29878,29885,35260,35267,40642,40649,46024,46031,51406,51413,56788,56795,99851,142907,185963,229019,272075,315131,358187,401243,444299,487355,530411,573467,616523,659579,702635
sparkle,esch384v2,no,rhys,o3,1832,18596,18613,18619,23952,23957,29217,29222,34482,34487,39747,39752,45012,45017,50277,50282,55542,55547,97667,139787,181907,224027,266147,308267,350387,392507,434627,476747,518867,560987,603107,645227,687347
sparkle,esch384v2,no,rhys,os,1440,18381,18396,18393,23585,23582,28774,28771,33963,33960,39152,39149,44341,44338,49530,49527,54719,54716,96225,137737,179249,220761,262273,303785,345297,386809,428321,469833,511345,552857,594369,635881,677393
xoodyak,xoodyakround3,yes,ref,o1,5452,110389,110476,110564,165373,165461,220270,220358,275167,275255,330064,330152,384961,385049,439858,439946,494755,494843,934019,1373195,1812371,2251547,2690723,3129899,3569075,4008251,4447427,4886603,5325779,5764955,6204131,6643307,7082483
xoodyak,xoodyakround3,yes,ref,o2,5376,86427,86515,86603,129421,129509,172327,172415,215233,215321,258139,258227,301045,301133,343951,344039,386857,386945,730193,1073441,1416689,1759937,2103185,2446433,2789681,3132929,3476177,3819425,4162673,4505921,4849169,5192417,5535665
xoodyak,xoodyakround3,yes,ref,o3,6312,14705,14770,14794,21743,21765,28714,28736,35685,35707,42656,42678,49627,49649,56598,56620,63569,63591,119359,175127,230895,286663,342431,398199,453967,509735,565503,621271,677039,732807,788575,844343,900111
xoodyak,xoodyakround3,yes,ref,os,5208,84107,84196,84284,125939,126027,167682,167770,209425,209513,251168,251256,292911,292999,334654,334742,376397,376485,710426,1044370,1378314,1712258,2046202,2380146,2714090,3048034,3381978,3715922,4049866,4383810,4717754,5051698,5385642
xoodyak,xoodyakround3,yes,rhys,o1,1024,7161,7311,7399,10564,10648,13813,13897,17062,17146,20311,20395,23560,23644,26809,26893,30058,30142,56134,82126,108118,134110,160102,186094,212086,238078,264070,290062,316054,342046,368038,394030,420022
xoodyak,xoodyakround3,yes,rhys,o2,1056,7542,7702,7783,11174,11264,14655,14745,18136,18226,21617,21707,25098,25188,28579,28669,32060,32150,59998,87846,115694,143542,171390,199238,227086,254934,282782,310630,338478,366326,394174,422022,449870
xoodyak,xoodyakround3,yes,rhys,o3,1080,7093,7235,7248,10411,10437,13600,13626,16789,16815,19978,20004,23167,23193,26356,26382,29545,29571,55083,80595,106107,131619,157131,182643,208155,233667,259179,284691,310203,335715,361227,386739,412251
xoodyak,xoodyakround3,yes,rhys,os,868,7938,8144,8288,11904,12048,15664,15808,19424,19568,23184,23328,26944,27088,30704,30848,34464,34608,64685,94765,124845,154925,185005,215085,245165,275245,305325,335405,365485,395565,425645,455725,485805
